TimeQuest Timing Analyzer report for baud_gen
Sun Jun 22 21:53:26 2025
Quartus II 64-Bit Version 13.0.1 Build 232 06/12/2013 Service Pack 1 SJ Full Version


---------------------
; Table of Contents ;
---------------------
  1. Legal Notice
  2. TimeQuest Timing Analyzer Summary
  3. Parallel Compilation
  4. Clocks
  5. Slow 1200mV 85C Model Fmax Summary
  6. Timing Closure Recommendations
  7. Slow 1200mV 85C Model Setup Summary
  8. Slow 1200mV 85C Model Hold Summary
  9. Slow 1200mV 85C Model Recovery Summary
 10. Slow 1200mV 85C Model Removal Summary
 11. Slow 1200mV 85C Model Minimum Pulse Width Summary
 12. Slow 1200mV 85C Model Setup: 'clk'
 13. Slow 1200mV 85C Model Hold: 'clk'
 14. Slow 1200mV 85C Model Minimum Pulse Width: 'clk'
 15. Setup Times
 16. Hold Times
 17. Clock to Output Times
 18. Minimum Clock to Output Times
 19. Slow 1200mV 85C Model Metastability Report
 20. Slow 1200mV 0C Model Fmax Summary
 21. Slow 1200mV 0C Model Setup Summary
 22. Slow 1200mV 0C Model Hold Summary
 23. Slow 1200mV 0C Model Recovery Summary
 24. Slow 1200mV 0C Model Removal Summary
 25. Slow 1200mV 0C Model Minimum Pulse Width Summary
 26. Slow 1200mV 0C Model Setup: 'clk'
 27. Slow 1200mV 0C Model Hold: 'clk'
 28. Slow 1200mV 0C Model Minimum Pulse Width: 'clk'
 29. Setup Times
 30. Hold Times
 31. Clock to Output Times
 32. Minimum Clock to Output Times
 33. Slow 1200mV 0C Model Metastability Report
 34. Fast 1200mV 0C Model Setup Summary
 35. Fast 1200mV 0C Model Hold Summary
 36. Fast 1200mV 0C Model Recovery Summary
 37. Fast 1200mV 0C Model Removal Summary
 38. Fast 1200mV 0C Model Minimum Pulse Width Summary
 39. Fast 1200mV 0C Model Setup: 'clk'
 40. Fast 1200mV 0C Model Hold: 'clk'
 41. Fast 1200mV 0C Model Minimum Pulse Width: 'clk'
 42. Setup Times
 43. Hold Times
 44. Clock to Output Times
 45. Minimum Clock to Output Times
 46. Fast 1200mV 0C Model Metastability Report
 47. Multicorner Timing Analysis Summary
 48. Setup Times
 49. Hold Times
 50. Clock to Output Times
 51. Minimum Clock to Output Times
 52. Board Trace Model Assignments
 53. Input Transition Times
 54. Signal Integrity Metrics (Slow 1200mv 0c Model)
 55. Signal Integrity Metrics (Slow 1200mv 85c Model)
 56. Signal Integrity Metrics (Fast 1200mv 0c Model)
 57. Setup Transfers
 58. Hold Transfers
 59. Report TCCS
 60. Report RSKM
 61. Unconstrained Paths
 62. TimeQuest Timing Analyzer Messages



----------------
; Legal Notice ;
----------------
Copyright (C) 1991-2013 Altera Corporation
Your use of Altera Corporation's design tools, logic functions 
and other software and tools, and its AMPP partner logic 
functions, and any output files from any of the foregoing 
(including device programming or simulation files), and any 
associated documentation or information are expressly subject 
to the terms and conditions of the Altera Program License 
Subscription Agreement, Altera MegaCore Function License 
Agreement, or other applicable license agreement, including, 
without limitation, that your use is for the sole purpose of 
programming logic devices manufactured by Altera and sold by 
Altera or its authorized distributors.  Please refer to the 
applicable agreement for further details.



+-----------------------------------------------------------------------------------------+
; TimeQuest Timing Analyzer Summary                                                       ;
+--------------------+--------------------------------------------------------------------+
; Quartus II Version ; Version 13.0.1 Build 232 06/12/2013 Service Pack 1 SJ Full Version ;
; Revision Name      ; baud_gen                                                           ;
; Device Family      ; Cyclone IV GX                                                      ;
; Device Name        ; EP4CGX15BF14C6                                                     ;
; Timing Models      ; Final                                                              ;
; Delay Model        ; Combined                                                           ;
; Rise/Fall Delays   ; Enabled                                                            ;
+--------------------+--------------------------------------------------------------------+


+------------------------------------------+
; Parallel Compilation                     ;
+----------------------------+-------------+
; Processors                 ; Number      ;
+----------------------------+-------------+
; Number detected on machine ; 16          ;
; Maximum allowed            ; 16          ;
;                            ;             ;
; Average used               ; 1.00        ;
; Maximum used               ; 16          ;
;                            ;             ;
; Usage by Processor         ; % Time Used ;
;     Processor 1            ; 100.0%      ;
;     Processors 2-16        ; < 0.1%      ;
+----------------------------+-------------+


+---------------------------------------------------------------------------------------------------------------------------------------------------------------------------------+
; Clocks                                                                                                                                                                          ;
+------------+------+--------+------------+-------+-------+------------+-----------+-------------+-------+--------+-----------+------------+----------+--------+--------+---------+
; Clock Name ; Type ; Period ; Frequency  ; Rise  ; Fall  ; Duty Cycle ; Divide by ; Multiply by ; Phase ; Offset ; Edge List ; Edge Shift ; Inverted ; Master ; Source ; Targets ;
+------------+------+--------+------------+-------+-------+------------+-----------+-------------+-------+--------+-----------+------------+----------+--------+--------+---------+
; clk        ; Base ; 1.000  ; 1000.0 MHz ; 0.000 ; 0.500 ;            ;           ;             ;       ;        ;           ;            ;          ;        ;        ; { clk } ;
+------------+------+--------+------------+-------+-------+------------+-----------+-------------+-------+--------+-----------+------------+----------+--------+--------+---------+


+----------------------------------------------------------------------------------------------------------+
; Slow 1200mV 85C Model Fmax Summary                                                                       ;
+-----------+-----------------+------------+---------------------------------------------------------------+
; Fmax      ; Restricted Fmax ; Clock Name ; Note                                                          ;
+-----------+-----------------+------------+---------------------------------------------------------------+
; 375.8 MHz ; 250.0 MHz       ; clk        ; limit due to minimum period restriction (max I/O toggle rate) ;
+-----------+-----------------+------------+---------------------------------------------------------------+
This panel reports FMAX for every clock in the design, regardless of the user-specified clock periods.  FMAX is only computed for paths where the source and destination registers or ports are driven by the same clock.  Paths of different clocks, including generated clocks, are ignored.  For paths between a clock and its inversion, FMAX is computed as if the rising and falling edges are scaled along with FMAX, such that the duty cycle (in terms of a percentage) is maintained. Altera recommends that you always use clock constraints and other slack reports for sign-off analysis.


----------------------------------
; Timing Closure Recommendations ;
----------------------------------
HTML report is unavailable in plain text report export.


+-------------------------------------+
; Slow 1200mV 85C Model Setup Summary ;
+-------+--------+--------------------+
; Clock ; Slack  ; End Point TNS      ;
+-------+--------+--------------------+
; clk   ; -1.661 ; -77.333            ;
+-------+--------+--------------------+


+------------------------------------+
; Slow 1200mV 85C Model Hold Summary ;
+-------+-------+--------------------+
; Clock ; Slack ; End Point TNS      ;
+-------+-------+--------------------+
; clk   ; 0.341 ; 0.000              ;
+-------+-------+--------------------+


------------------------------------------
; Slow 1200mV 85C Model Recovery Summary ;
------------------------------------------
No paths to report.


-----------------------------------------
; Slow 1200mV 85C Model Removal Summary ;
-----------------------------------------
No paths to report.


+---------------------------------------------------+
; Slow 1200mV 85C Model Minimum Pulse Width Summary ;
+-------+--------+----------------------------------+
; Clock ; Slack  ; End Point TNS                    ;
+-------+--------+----------------------------------+
; clk   ; -3.000 ; -84.000                          ;
+-------+--------+----------------------------------+


+------------------------------------------------------------------------------------------------------------------------------------------------------+
; Slow 1200mV 85C Model Setup: 'clk'                                                                                                                   ;
+--------+-------------------------------------+---------------------------------+--------------+-------------+--------------+------------+------------+
; Slack  ; From Node                           ; To Node                         ; Launch Clock ; Latch Clock ; Relationship ; Clock Skew ; Data Delay ;
+--------+-------------------------------------+---------------------------------+--------------+-------------+--------------+------------+------------+
; -1.661 ; uart_rx:uart_rx_inst|rx_data_reg[3] ; uart_rx:uart_rx_inst|rx_data[0] ; clk          ; clk         ; 1.000        ; -0.063     ; 2.593      ;
; -1.661 ; uart_rx:uart_rx_inst|rx_data_reg[3] ; uart_rx:uart_rx_inst|rx_data[1] ; clk          ; clk         ; 1.000        ; -0.063     ; 2.593      ;
; -1.661 ; uart_rx:uart_rx_inst|rx_data_reg[3] ; uart_rx:uart_rx_inst|rx_data[2] ; clk          ; clk         ; 1.000        ; -0.063     ; 2.593      ;
; -1.661 ; uart_rx:uart_rx_inst|rx_data_reg[3] ; uart_rx:uart_rx_inst|rx_data[3] ; clk          ; clk         ; 1.000        ; -0.063     ; 2.593      ;
; -1.661 ; uart_rx:uart_rx_inst|rx_data_reg[3] ; uart_rx:uart_rx_inst|rx_data[4] ; clk          ; clk         ; 1.000        ; -0.063     ; 2.593      ;
; -1.661 ; uart_rx:uart_rx_inst|rx_data_reg[3] ; uart_rx:uart_rx_inst|rx_data[5] ; clk          ; clk         ; 1.000        ; -0.063     ; 2.593      ;
; -1.661 ; uart_rx:uart_rx_inst|rx_data_reg[3] ; uart_rx:uart_rx_inst|rx_data[6] ; clk          ; clk         ; 1.000        ; -0.063     ; 2.593      ;
; -1.661 ; uart_rx:uart_rx_inst|rx_data_reg[3] ; uart_rx:uart_rx_inst|rx_data[7] ; clk          ; clk         ; 1.000        ; -0.063     ; 2.593      ;
; -1.644 ; baud_gen:baud_gen_inst|cnt[0]       ; baud_gen:baud_gen_inst|cnt[15]  ; clk          ; clk         ; 1.000        ; -0.423     ; 2.216      ;
; -1.578 ; baud_gen:baud_gen_inst|cnt[0]       ; baud_gen:baud_gen_inst|cnt[4]   ; clk          ; clk         ; 1.000        ; -0.423     ; 2.150      ;
; -1.565 ; baud_gen:baud_gen_inst|cnt[0]       ; baud_gen:baud_gen_inst|cnt[1]   ; clk          ; clk         ; 1.000        ; -0.423     ; 2.137      ;
; -1.555 ; baud_gen:baud_gen_inst|cnt[0]       ; baud_gen:baud_gen_inst|cnt[14]  ; clk          ; clk         ; 1.000        ; -0.423     ; 2.127      ;
; -1.542 ; uart_rx:uart_rx_inst|rx_data_reg[1] ; uart_rx:uart_rx_inst|rx_data[0] ; clk          ; clk         ; 1.000        ; -0.063     ; 2.474      ;
; -1.542 ; uart_rx:uart_rx_inst|rx_data_reg[1] ; uart_rx:uart_rx_inst|rx_data[1] ; clk          ; clk         ; 1.000        ; -0.063     ; 2.474      ;
; -1.542 ; uart_rx:uart_rx_inst|rx_data_reg[1] ; uart_rx:uart_rx_inst|rx_data[2] ; clk          ; clk         ; 1.000        ; -0.063     ; 2.474      ;
; -1.542 ; uart_rx:uart_rx_inst|rx_data_reg[1] ; uart_rx:uart_rx_inst|rx_data[3] ; clk          ; clk         ; 1.000        ; -0.063     ; 2.474      ;
; -1.542 ; uart_rx:uart_rx_inst|rx_data_reg[1] ; uart_rx:uart_rx_inst|rx_data[4] ; clk          ; clk         ; 1.000        ; -0.063     ; 2.474      ;
; -1.542 ; uart_rx:uart_rx_inst|rx_data_reg[1] ; uart_rx:uart_rx_inst|rx_data[5] ; clk          ; clk         ; 1.000        ; -0.063     ; 2.474      ;
; -1.542 ; uart_rx:uart_rx_inst|rx_data_reg[1] ; uart_rx:uart_rx_inst|rx_data[6] ; clk          ; clk         ; 1.000        ; -0.063     ; 2.474      ;
; -1.542 ; uart_rx:uart_rx_inst|rx_data_reg[1] ; uart_rx:uart_rx_inst|rx_data[7] ; clk          ; clk         ; 1.000        ; -0.063     ; 2.474      ;
; -1.528 ; baud_gen:baud_gen_inst|cnt[0]       ; baud_gen:baud_gen_inst|cnt[13]  ; clk          ; clk         ; 1.000        ; -0.423     ; 2.100      ;
; -1.518 ; uart_rx:uart_rx_inst|rx_data_reg[5] ; uart_rx:uart_rx_inst|rx_data[0] ; clk          ; clk         ; 1.000        ; -0.064     ; 2.449      ;
; -1.518 ; uart_rx:uart_rx_inst|rx_data_reg[5] ; uart_rx:uart_rx_inst|rx_data[1] ; clk          ; clk         ; 1.000        ; -0.064     ; 2.449      ;
; -1.518 ; uart_rx:uart_rx_inst|rx_data_reg[5] ; uart_rx:uart_rx_inst|rx_data[2] ; clk          ; clk         ; 1.000        ; -0.064     ; 2.449      ;
; -1.518 ; uart_rx:uart_rx_inst|rx_data_reg[5] ; uart_rx:uart_rx_inst|rx_data[3] ; clk          ; clk         ; 1.000        ; -0.064     ; 2.449      ;
; -1.518 ; uart_rx:uart_rx_inst|rx_data_reg[5] ; uart_rx:uart_rx_inst|rx_data[4] ; clk          ; clk         ; 1.000        ; -0.064     ; 2.449      ;
; -1.518 ; uart_rx:uart_rx_inst|rx_data_reg[5] ; uart_rx:uart_rx_inst|rx_data[5] ; clk          ; clk         ; 1.000        ; -0.064     ; 2.449      ;
; -1.518 ; uart_rx:uart_rx_inst|rx_data_reg[5] ; uart_rx:uart_rx_inst|rx_data[6] ; clk          ; clk         ; 1.000        ; -0.064     ; 2.449      ;
; -1.518 ; uart_rx:uart_rx_inst|rx_data_reg[5] ; uart_rx:uart_rx_inst|rx_data[7] ; clk          ; clk         ; 1.000        ; -0.064     ; 2.449      ;
; -1.513 ; uart_rx:uart_rx_inst|rx_data_reg[4] ; uart_rx:uart_rx_inst|rx_data[0] ; clk          ; clk         ; 1.000        ; -0.064     ; 2.444      ;
; -1.513 ; uart_rx:uart_rx_inst|rx_data_reg[4] ; uart_rx:uart_rx_inst|rx_data[1] ; clk          ; clk         ; 1.000        ; -0.064     ; 2.444      ;
; -1.513 ; uart_rx:uart_rx_inst|rx_data_reg[4] ; uart_rx:uart_rx_inst|rx_data[2] ; clk          ; clk         ; 1.000        ; -0.064     ; 2.444      ;
; -1.513 ; uart_rx:uart_rx_inst|rx_data_reg[4] ; uart_rx:uart_rx_inst|rx_data[3] ; clk          ; clk         ; 1.000        ; -0.064     ; 2.444      ;
; -1.513 ; uart_rx:uart_rx_inst|rx_data_reg[4] ; uart_rx:uart_rx_inst|rx_data[4] ; clk          ; clk         ; 1.000        ; -0.064     ; 2.444      ;
; -1.513 ; uart_rx:uart_rx_inst|rx_data_reg[4] ; uart_rx:uart_rx_inst|rx_data[5] ; clk          ; clk         ; 1.000        ; -0.064     ; 2.444      ;
; -1.513 ; uart_rx:uart_rx_inst|rx_data_reg[4] ; uart_rx:uart_rx_inst|rx_data[6] ; clk          ; clk         ; 1.000        ; -0.064     ; 2.444      ;
; -1.513 ; uart_rx:uart_rx_inst|rx_data_reg[4] ; uart_rx:uart_rx_inst|rx_data[7] ; clk          ; clk         ; 1.000        ; -0.064     ; 2.444      ;
; -1.476 ; uart_rx:uart_rx_inst|sample_cnt[1]  ; uart_rx:uart_rx_inst|rx_data[0] ; clk          ; clk         ; 1.000        ; -0.063     ; 2.408      ;
; -1.476 ; uart_rx:uart_rx_inst|sample_cnt[1]  ; uart_rx:uart_rx_inst|rx_data[1] ; clk          ; clk         ; 1.000        ; -0.063     ; 2.408      ;
; -1.476 ; uart_rx:uart_rx_inst|sample_cnt[1]  ; uart_rx:uart_rx_inst|rx_data[2] ; clk          ; clk         ; 1.000        ; -0.063     ; 2.408      ;
; -1.476 ; uart_rx:uart_rx_inst|sample_cnt[1]  ; uart_rx:uart_rx_inst|rx_data[3] ; clk          ; clk         ; 1.000        ; -0.063     ; 2.408      ;
; -1.476 ; uart_rx:uart_rx_inst|sample_cnt[1]  ; uart_rx:uart_rx_inst|rx_data[4] ; clk          ; clk         ; 1.000        ; -0.063     ; 2.408      ;
; -1.476 ; uart_rx:uart_rx_inst|sample_cnt[1]  ; uart_rx:uart_rx_inst|rx_data[5] ; clk          ; clk         ; 1.000        ; -0.063     ; 2.408      ;
; -1.476 ; uart_rx:uart_rx_inst|sample_cnt[1]  ; uart_rx:uart_rx_inst|rx_data[6] ; clk          ; clk         ; 1.000        ; -0.063     ; 2.408      ;
; -1.476 ; uart_rx:uart_rx_inst|sample_cnt[1]  ; uart_rx:uart_rx_inst|rx_data[7] ; clk          ; clk         ; 1.000        ; -0.063     ; 2.408      ;
; -1.439 ; baud_gen:baud_gen_inst|cnt[0]       ; baud_gen:baud_gen_inst|cnt[12]  ; clk          ; clk         ; 1.000        ; -0.423     ; 2.011      ;
; -1.425 ; uart_rx:uart_rx_inst|sample_cnt[3]  ; uart_rx:uart_rx_inst|rx_data[0] ; clk          ; clk         ; 1.000        ; -0.063     ; 2.357      ;
; -1.425 ; uart_rx:uart_rx_inst|sample_cnt[3]  ; uart_rx:uart_rx_inst|rx_data[1] ; clk          ; clk         ; 1.000        ; -0.063     ; 2.357      ;
; -1.425 ; uart_rx:uart_rx_inst|sample_cnt[3]  ; uart_rx:uart_rx_inst|rx_data[2] ; clk          ; clk         ; 1.000        ; -0.063     ; 2.357      ;
; -1.425 ; uart_rx:uart_rx_inst|sample_cnt[3]  ; uart_rx:uart_rx_inst|rx_data[3] ; clk          ; clk         ; 1.000        ; -0.063     ; 2.357      ;
; -1.425 ; uart_rx:uart_rx_inst|sample_cnt[3]  ; uart_rx:uart_rx_inst|rx_data[4] ; clk          ; clk         ; 1.000        ; -0.063     ; 2.357      ;
; -1.425 ; uart_rx:uart_rx_inst|sample_cnt[3]  ; uart_rx:uart_rx_inst|rx_data[5] ; clk          ; clk         ; 1.000        ; -0.063     ; 2.357      ;
; -1.425 ; uart_rx:uart_rx_inst|sample_cnt[3]  ; uart_rx:uart_rx_inst|rx_data[6] ; clk          ; clk         ; 1.000        ; -0.063     ; 2.357      ;
; -1.425 ; uart_rx:uart_rx_inst|sample_cnt[3]  ; uart_rx:uart_rx_inst|rx_data[7] ; clk          ; clk         ; 1.000        ; -0.063     ; 2.357      ;
; -1.415 ; uart_rx:uart_rx_inst|sample_cnt[2]  ; uart_rx:uart_rx_inst|rx_data[0] ; clk          ; clk         ; 1.000        ; -0.063     ; 2.347      ;
; -1.415 ; uart_rx:uart_rx_inst|sample_cnt[2]  ; uart_rx:uart_rx_inst|rx_data[1] ; clk          ; clk         ; 1.000        ; -0.063     ; 2.347      ;
; -1.415 ; uart_rx:uart_rx_inst|sample_cnt[2]  ; uart_rx:uart_rx_inst|rx_data[2] ; clk          ; clk         ; 1.000        ; -0.063     ; 2.347      ;
; -1.415 ; uart_rx:uart_rx_inst|sample_cnt[2]  ; uart_rx:uart_rx_inst|rx_data[3] ; clk          ; clk         ; 1.000        ; -0.063     ; 2.347      ;
; -1.415 ; uart_rx:uart_rx_inst|sample_cnt[2]  ; uart_rx:uart_rx_inst|rx_data[4] ; clk          ; clk         ; 1.000        ; -0.063     ; 2.347      ;
; -1.415 ; uart_rx:uart_rx_inst|sample_cnt[2]  ; uart_rx:uart_rx_inst|rx_data[5] ; clk          ; clk         ; 1.000        ; -0.063     ; 2.347      ;
; -1.415 ; uart_rx:uart_rx_inst|sample_cnt[2]  ; uart_rx:uart_rx_inst|rx_data[6] ; clk          ; clk         ; 1.000        ; -0.063     ; 2.347      ;
; -1.415 ; uart_rx:uart_rx_inst|sample_cnt[2]  ; uart_rx:uart_rx_inst|rx_data[7] ; clk          ; clk         ; 1.000        ; -0.063     ; 2.347      ;
; -1.412 ; baud_gen:baud_gen_inst|cnt[0]       ; baud_gen:baud_gen_inst|cnt[11]  ; clk          ; clk         ; 1.000        ; -0.423     ; 1.984      ;
; -1.411 ; baud_gen:baud_gen_inst|cnt[1]       ; baud_gen:baud_gen_inst|cnt[4]   ; clk          ; clk         ; 1.000        ; -0.065     ; 2.341      ;
; -1.392 ; baud_gen:baud_gen_inst|cnt[0]       ; baud_gen:baud_gen_inst|cnt[3]   ; clk          ; clk         ; 1.000        ; -0.423     ; 1.964      ;
; -1.388 ; baud_gen:baud_gen_inst|cnt[1]       ; baud_gen:baud_gen_inst|cnt[14]  ; clk          ; clk         ; 1.000        ; -0.065     ; 2.318      ;
; -1.382 ; baud_gen:baud_gen_inst|cnt[1]       ; baud_gen:baud_gen_inst|cnt[15]  ; clk          ; clk         ; 1.000        ; -0.065     ; 2.312      ;
; -1.370 ; uart_rx:uart_rx_inst|rx_data_reg[0] ; uart_rx:uart_rx_inst|rx_data[0] ; clk          ; clk         ; 1.000        ; -0.063     ; 2.302      ;
; -1.370 ; uart_rx:uart_rx_inst|rx_data_reg[0] ; uart_rx:uart_rx_inst|rx_data[1] ; clk          ; clk         ; 1.000        ; -0.063     ; 2.302      ;
; -1.370 ; uart_rx:uart_rx_inst|rx_data_reg[0] ; uart_rx:uart_rx_inst|rx_data[2] ; clk          ; clk         ; 1.000        ; -0.063     ; 2.302      ;
; -1.370 ; uart_rx:uart_rx_inst|rx_data_reg[0] ; uart_rx:uart_rx_inst|rx_data[3] ; clk          ; clk         ; 1.000        ; -0.063     ; 2.302      ;
; -1.370 ; uart_rx:uart_rx_inst|rx_data_reg[0] ; uart_rx:uart_rx_inst|rx_data[4] ; clk          ; clk         ; 1.000        ; -0.063     ; 2.302      ;
; -1.370 ; uart_rx:uart_rx_inst|rx_data_reg[0] ; uart_rx:uart_rx_inst|rx_data[5] ; clk          ; clk         ; 1.000        ; -0.063     ; 2.302      ;
; -1.370 ; uart_rx:uart_rx_inst|rx_data_reg[0] ; uart_rx:uart_rx_inst|rx_data[6] ; clk          ; clk         ; 1.000        ; -0.063     ; 2.302      ;
; -1.370 ; uart_rx:uart_rx_inst|rx_data_reg[0] ; uart_rx:uart_rx_inst|rx_data[7] ; clk          ; clk         ; 1.000        ; -0.063     ; 2.302      ;
; -1.361 ; uart_rx:uart_rx_inst|rx_data_reg[7] ; uart_rx:uart_rx_inst|rx_data[0] ; clk          ; clk         ; 1.000        ; -0.064     ; 2.292      ;
; -1.361 ; uart_rx:uart_rx_inst|rx_data_reg[7] ; uart_rx:uart_rx_inst|rx_data[1] ; clk          ; clk         ; 1.000        ; -0.064     ; 2.292      ;
; -1.361 ; uart_rx:uart_rx_inst|rx_data_reg[7] ; uart_rx:uart_rx_inst|rx_data[2] ; clk          ; clk         ; 1.000        ; -0.064     ; 2.292      ;
; -1.361 ; uart_rx:uart_rx_inst|rx_data_reg[7] ; uart_rx:uart_rx_inst|rx_data[3] ; clk          ; clk         ; 1.000        ; -0.064     ; 2.292      ;
; -1.361 ; uart_rx:uart_rx_inst|rx_data_reg[7] ; uart_rx:uart_rx_inst|rx_data[4] ; clk          ; clk         ; 1.000        ; -0.064     ; 2.292      ;
; -1.361 ; uart_rx:uart_rx_inst|rx_data_reg[7] ; uart_rx:uart_rx_inst|rx_data[5] ; clk          ; clk         ; 1.000        ; -0.064     ; 2.292      ;
; -1.361 ; uart_rx:uart_rx_inst|rx_data_reg[7] ; uart_rx:uart_rx_inst|rx_data[6] ; clk          ; clk         ; 1.000        ; -0.064     ; 2.292      ;
; -1.361 ; uart_rx:uart_rx_inst|rx_data_reg[7] ; uart_rx:uart_rx_inst|rx_data[7] ; clk          ; clk         ; 1.000        ; -0.064     ; 2.292      ;
; -1.329 ; uart_rx:uart_rx_inst|state.IDLE     ; uart_rx:uart_rx_inst|bit_cnt[0] ; clk          ; clk         ; 1.000        ; -0.064     ; 2.260      ;
; -1.329 ; uart_rx:uart_rx_inst|state.IDLE     ; uart_rx:uart_rx_inst|bit_cnt[1] ; clk          ; clk         ; 1.000        ; -0.064     ; 2.260      ;
; -1.329 ; uart_rx:uart_rx_inst|state.IDLE     ; uart_rx:uart_rx_inst|bit_cnt[2] ; clk          ; clk         ; 1.000        ; -0.064     ; 2.260      ;
; -1.329 ; uart_rx:uart_rx_inst|state.IDLE     ; uart_rx:uart_rx_inst|bit_cnt[3] ; clk          ; clk         ; 1.000        ; -0.064     ; 2.260      ;
; -1.323 ; baud_gen:baud_gen_inst|cnt[0]       ; baud_gen:baud_gen_inst|cnt[10]  ; clk          ; clk         ; 1.000        ; -0.423     ; 1.895      ;
; -1.319 ; baud_gen:baud_gen_inst|cnt[9]       ; baud_gen:baud_gen_inst|cnt[3]   ; clk          ; clk         ; 1.000        ; -0.065     ; 2.249      ;
; -1.316 ; baud_gen:baud_gen_inst|cnt[3]       ; baud_gen:baud_gen_inst|cnt[4]   ; clk          ; clk         ; 1.000        ; -0.065     ; 2.246      ;
; -1.313 ; baud_gen:baud_gen_inst|cnt[9]       ; baud_gen:baud_gen_inst|cnt[0]   ; clk          ; clk         ; 1.000        ; 0.279      ; 2.587      ;
; -1.305 ; baud_gen:baud_gen_inst|cnt[11]      ; baud_gen:baud_gen_inst|cnt[3]   ; clk          ; clk         ; 1.000        ; -0.065     ; 2.235      ;
; -1.304 ; uart_rx:uart_rx_inst|rx_ready       ; uart_rx:uart_rx_inst|bit_cnt[0] ; clk          ; clk         ; 1.000        ; -0.064     ; 2.235      ;
; -1.304 ; uart_rx:uart_rx_inst|rx_ready       ; uart_rx:uart_rx_inst|bit_cnt[1] ; clk          ; clk         ; 1.000        ; -0.064     ; 2.235      ;
; -1.304 ; uart_rx:uart_rx_inst|rx_ready       ; uart_rx:uart_rx_inst|bit_cnt[2] ; clk          ; clk         ; 1.000        ; -0.064     ; 2.235      ;
; -1.304 ; uart_rx:uart_rx_inst|rx_ready       ; uart_rx:uart_rx_inst|bit_cnt[3] ; clk          ; clk         ; 1.000        ; -0.064     ; 2.235      ;
; -1.302 ; baud_gen:baud_gen_inst|cnt[15]      ; baud_gen:baud_gen_inst|cnt[3]   ; clk          ; clk         ; 1.000        ; -0.065     ; 2.232      ;
; -1.299 ; baud_gen:baud_gen_inst|cnt[11]      ; baud_gen:baud_gen_inst|cnt[0]   ; clk          ; clk         ; 1.000        ; 0.279      ; 2.573      ;
; -1.297 ; baud_gen:baud_gen_inst|cnt[13]      ; baud_gen:baud_gen_inst|cnt[3]   ; clk          ; clk         ; 1.000        ; -0.065     ; 2.227      ;
; -1.296 ; baud_gen:baud_gen_inst|cnt[0]       ; baud_gen:baud_gen_inst|cnt[9]   ; clk          ; clk         ; 1.000        ; -0.423     ; 1.868      ;
+--------+-------------------------------------+---------------------------------+--------------+-------------+--------------+------------+------------+


+---------------------------------------------------------------------------------------------------------------------------------------------------------------------+
; Slow 1200mV 85C Model Hold: 'clk'                                                                                                                                   ;
+-------+-------------------------------------------+-------------------------------------------+--------------+-------------+--------------+------------+------------+
; Slack ; From Node                                 ; To Node                                   ; Launch Clock ; Latch Clock ; Relationship ; Clock Skew ; Data Delay ;
+-------+-------------------------------------------+-------------------------------------------+--------------+-------------+--------------+------------+------------+
; 0.341 ; baud_gen:baud_gen_inst|baud_clk           ; baud_gen:baud_gen_inst|baud_clk           ; clk          ; clk         ; 0.000        ; 0.079      ; 0.577      ;
; 0.355 ; uart_tx:uart_tx_inst|bit_cnt[2]           ; uart_tx:uart_tx_inst|bit_cnt[2]           ; clk          ; clk         ; 0.000        ; 0.065      ; 0.577      ;
; 0.355 ; uart_tx:uart_tx_inst|bit_cnt[1]           ; uart_tx:uart_tx_inst|bit_cnt[1]           ; clk          ; clk         ; 0.000        ; 0.065      ; 0.577      ;
; 0.355 ; uart_tx:uart_tx_inst|tx_done              ; uart_tx:uart_tx_inst|tx_done              ; clk          ; clk         ; 0.000        ; 0.065      ; 0.577      ;
; 0.356 ; uart_rx:uart_rx_inst|rx_ready             ; uart_rx:uart_rx_inst|rx_ready             ; clk          ; clk         ; 0.000        ; 0.064      ; 0.577      ;
; 0.356 ; uart_rx:uart_rx_inst|sample_cnt[2]        ; uart_rx:uart_rx_inst|sample_cnt[2]        ; clk          ; clk         ; 0.000        ; 0.064      ; 0.577      ;
; 0.356 ; uart_rx:uart_rx_inst|sample_cnt[3]        ; uart_rx:uart_rx_inst|sample_cnt[3]        ; clk          ; clk         ; 0.000        ; 0.064      ; 0.577      ;
; 0.356 ; uart_rx:uart_rx_inst|sample_cnt[1]        ; uart_rx:uart_rx_inst|sample_cnt[1]        ; clk          ; clk         ; 0.000        ; 0.064      ; 0.577      ;
; 0.356 ; uart_rx:uart_rx_inst|bit_cnt[1]           ; uart_rx:uart_rx_inst|bit_cnt[1]           ; clk          ; clk         ; 0.000        ; 0.064      ; 0.577      ;
; 0.356 ; uart_rx:uart_rx_inst|bit_cnt[2]           ; uart_rx:uart_rx_inst|bit_cnt[2]           ; clk          ; clk         ; 0.000        ; 0.064      ; 0.577      ;
; 0.356 ; uart_rx:uart_rx_inst|bit_cnt[3]           ; uart_rx:uart_rx_inst|bit_cnt[3]           ; clk          ; clk         ; 0.000        ; 0.064      ; 0.577      ;
; 0.356 ; uart_rx:uart_rx_inst|rx_data_reg[2]       ; uart_rx:uart_rx_inst|rx_data_reg[2]       ; clk          ; clk         ; 0.000        ; 0.064      ; 0.577      ;
; 0.356 ; uart_rx:uart_rx_inst|rx_data_reg[0]       ; uart_rx:uart_rx_inst|rx_data_reg[0]       ; clk          ; clk         ; 0.000        ; 0.064      ; 0.577      ;
; 0.356 ; uart_rx:uart_rx_inst|rx_data_reg[1]       ; uart_rx:uart_rx_inst|rx_data_reg[1]       ; clk          ; clk         ; 0.000        ; 0.064      ; 0.577      ;
; 0.356 ; uart_rx:uart_rx_inst|rx_data_reg[3]       ; uart_rx:uart_rx_inst|rx_data_reg[3]       ; clk          ; clk         ; 0.000        ; 0.064      ; 0.577      ;
; 0.356 ; uart_rx:uart_rx_inst|rx_data_reg[6]       ; uart_rx:uart_rx_inst|rx_data_reg[6]       ; clk          ; clk         ; 0.000        ; 0.064      ; 0.577      ;
; 0.356 ; uart_rx:uart_rx_inst|rx_data_reg[7]       ; uart_rx:uart_rx_inst|rx_data_reg[7]       ; clk          ; clk         ; 0.000        ; 0.064      ; 0.577      ;
; 0.356 ; uart_rx:uart_rx_inst|rx_data_reg[4]       ; uart_rx:uart_rx_inst|rx_data_reg[4]       ; clk          ; clk         ; 0.000        ; 0.064      ; 0.577      ;
; 0.356 ; uart_rx:uart_rx_inst|rx_data_reg[5]       ; uart_rx:uart_rx_inst|rx_data_reg[5]       ; clk          ; clk         ; 0.000        ; 0.064      ; 0.577      ;
; 0.356 ; uart_rx:uart_rx_inst|stop_bit             ; uart_rx:uart_rx_inst|stop_bit             ; clk          ; clk         ; 0.000        ; 0.064      ; 0.577      ;
; 0.356 ; uart_rx:uart_rx_inst|parity_bit           ; uart_rx:uart_rx_inst|parity_bit           ; clk          ; clk         ; 0.000        ; 0.064      ; 0.577      ;
; 0.358 ; uart_tx:uart_tx_inst|bit_cnt[0]           ; uart_tx:uart_tx_inst|bit_cnt[0]           ; clk          ; clk         ; 0.000        ; 0.065      ; 0.580      ;
; 0.359 ; uart_rx:uart_rx_inst|sample_cnt[0]        ; uart_rx:uart_rx_inst|sample_cnt[0]        ; clk          ; clk         ; 0.000        ; 0.064      ; 0.580      ;
; 0.359 ; uart_rx:uart_rx_inst|bit_cnt[0]           ; uart_rx:uart_rx_inst|bit_cnt[0]           ; clk          ; clk         ; 0.000        ; 0.064      ; 0.580      ;
; 0.371 ; uart_rx:uart_rx_inst|next_state.STOP_CHK  ; uart_rx:uart_rx_inst|state.STOP_CHK       ; clk          ; clk         ; 0.000        ; 0.064      ; 0.592      ;
; 0.376 ; uart_rx:uart_rx_inst|rx_data_reg[6]       ; uart_rx:uart_rx_inst|rx_data[6]           ; clk          ; clk         ; 0.000        ; 0.064      ; 0.597      ;
; 0.379 ; uart_rx:uart_rx_inst|rx_data_reg[4]       ; uart_rx:uart_rx_inst|rx_data[4]           ; clk          ; clk         ; 0.000        ; 0.064      ; 0.600      ;
; 0.399 ; uart_tx:uart_tx_inst|bit_cnt[1]           ; uart_tx:uart_tx_inst|bit_cnt[2]           ; clk          ; clk         ; 0.000        ; 0.065      ; 0.621      ;
; 0.422 ; uart_rx:uart_rx_inst|state.IDLE           ; uart_rx:uart_rx_inst|bit_cnt[2]           ; clk          ; clk         ; 0.000        ; 0.064      ; 0.643      ;
; 0.423 ; uart_rx:uart_rx_inst|state.IDLE           ; uart_rx:uart_rx_inst|bit_cnt[1]           ; clk          ; clk         ; 0.000        ; 0.064      ; 0.644      ;
; 0.423 ; uart_rx:uart_rx_inst|state.IDLE           ; uart_rx:uart_rx_inst|bit_cnt[0]           ; clk          ; clk         ; 0.000        ; 0.064      ; 0.644      ;
; 0.424 ; uart_rx:uart_rx_inst|state.IDLE           ; uart_rx:uart_rx_inst|bit_cnt[3]           ; clk          ; clk         ; 0.000        ; 0.064      ; 0.645      ;
; 0.503 ; baud_gen:baud_gen_inst|cnt[15]            ; baud_gen:baud_gen_inst|cnt[15]            ; clk          ; clk         ; 0.000        ; 0.065      ; 0.725      ;
; 0.506 ; uart_tx:uart_tx_inst|next_state.PARITY    ; uart_tx:uart_tx_inst|state.PARITY         ; clk          ; clk         ; 0.000        ; 0.065      ; 0.728      ;
; 0.507 ; uart_tx:uart_tx_inst|next_state.DATA      ; uart_tx:uart_tx_inst|state.DATA           ; clk          ; clk         ; 0.000        ; 0.065      ; 0.729      ;
; 0.510 ; uart_tx:uart_tx_inst|next_state.STOP      ; uart_tx:uart_tx_inst|state.STOP           ; clk          ; clk         ; 0.000        ; 0.065      ; 0.732      ;
; 0.516 ; uart_rx:uart_rx_inst|rx_data_reg[7]       ; uart_rx:uart_rx_inst|rx_data[7]           ; clk          ; clk         ; 0.000        ; 0.064      ; 0.737      ;
; 0.519 ; uart_rx:uart_rx_inst|rx_data_reg[2]       ; uart_rx:uart_rx_inst|rx_data[2]           ; clk          ; clk         ; 0.000        ; 0.065      ; 0.741      ;
; 0.522 ; uart_tx:uart_tx_inst|state.START          ; uart_tx:uart_tx_inst|next_state.START     ; clk          ; clk         ; 0.000        ; 0.064      ; 0.743      ;
; 0.522 ; uart_tx:uart_tx_inst|state.START          ; uart_tx:uart_tx_inst|next_state.DATA      ; clk          ; clk         ; 0.000        ; 0.064      ; 0.743      ;
; 0.525 ; uart_tx:uart_tx_inst|state.IDLE           ; uart_tx:uart_tx_inst|tx_done              ; clk          ; clk         ; 0.000        ; 0.065      ; 0.747      ;
; 0.526 ; uart_rx:uart_rx_inst|rx_data_reg[5]       ; uart_rx:uart_rx_inst|rx_data[5]           ; clk          ; clk         ; 0.000        ; 0.064      ; 0.747      ;
; 0.526 ; uart_tx:uart_tx_inst|next_state.START     ; uart_tx:uart_tx_inst|state.START          ; clk          ; clk         ; 0.000        ; 0.065      ; 0.748      ;
; 0.530 ; uart_rx:uart_rx_inst|rx_data_reg[3]       ; uart_rx:uart_rx_inst|rx_data[3]           ; clk          ; clk         ; 0.000        ; 0.065      ; 0.752      ;
; 0.545 ; uart_tx:uart_tx_inst|state.PARITY         ; uart_tx:uart_tx_inst|next_state.STOP      ; clk          ; clk         ; 0.000        ; 0.064      ; 0.766      ;
; 0.552 ; uart_tx:uart_tx_inst|bit_cnt[0]           ; uart_tx:uart_tx_inst|bit_cnt[1]           ; clk          ; clk         ; 0.000        ; 0.065      ; 0.774      ;
; 0.572 ; baud_gen:baud_gen_inst|cnt[5]             ; baud_gen:baud_gen_inst|cnt[5]             ; clk          ; clk         ; 0.000        ; 0.065      ; 0.794      ;
; 0.572 ; baud_gen:baud_gen_inst|cnt[13]            ; baud_gen:baud_gen_inst|cnt[13]            ; clk          ; clk         ; 0.000        ; 0.065      ; 0.794      ;
; 0.573 ; baud_gen:baud_gen_inst|cnt[6]             ; baud_gen:baud_gen_inst|cnt[6]             ; clk          ; clk         ; 0.000        ; 0.065      ; 0.795      ;
; 0.573 ; baud_gen:baud_gen_inst|cnt[7]             ; baud_gen:baud_gen_inst|cnt[7]             ; clk          ; clk         ; 0.000        ; 0.065      ; 0.795      ;
; 0.573 ; baud_gen:baud_gen_inst|cnt[9]             ; baud_gen:baud_gen_inst|cnt[9]             ; clk          ; clk         ; 0.000        ; 0.065      ; 0.795      ;
; 0.573 ; baud_gen:baud_gen_inst|cnt[11]            ; baud_gen:baud_gen_inst|cnt[11]            ; clk          ; clk         ; 0.000        ; 0.065      ; 0.795      ;
; 0.574 ; baud_gen:baud_gen_inst|cnt[2]             ; baud_gen:baud_gen_inst|cnt[2]             ; clk          ; clk         ; 0.000        ; 0.065      ; 0.796      ;
; 0.574 ; baud_gen:baud_gen_inst|cnt[14]            ; baud_gen:baud_gen_inst|cnt[14]            ; clk          ; clk         ; 0.000        ; 0.065      ; 0.796      ;
; 0.575 ; baud_gen:baud_gen_inst|cnt[8]             ; baud_gen:baud_gen_inst|cnt[8]             ; clk          ; clk         ; 0.000        ; 0.065      ; 0.797      ;
; 0.575 ; baud_gen:baud_gen_inst|cnt[10]            ; baud_gen:baud_gen_inst|cnt[10]            ; clk          ; clk         ; 0.000        ; 0.065      ; 0.797      ;
; 0.575 ; baud_gen:baud_gen_inst|cnt[12]            ; baud_gen:baud_gen_inst|cnt[12]            ; clk          ; clk         ; 0.000        ; 0.065      ; 0.797      ;
; 0.580 ; uart_rx:uart_rx_inst|sample_cnt[0]        ; uart_rx:uart_rx_inst|sample_cnt[2]        ; clk          ; clk         ; 0.000        ; 0.064      ; 0.801      ;
; 0.581 ; uart_rx:uart_rx_inst|sample_cnt[1]        ; uart_rx:uart_rx_inst|sample_cnt[2]        ; clk          ; clk         ; 0.000        ; 0.064      ; 0.802      ;
; 0.581 ; uart_rx:uart_rx_inst|sample_cnt[0]        ; uart_rx:uart_rx_inst|sample_cnt[1]        ; clk          ; clk         ; 0.000        ; 0.064      ; 0.802      ;
; 0.584 ; uart_rx:uart_rx_inst|bit_cnt[2]           ; uart_rx:uart_rx_inst|bit_cnt[3]           ; clk          ; clk         ; 0.000        ; 0.064      ; 0.805      ;
; 0.586 ; uart_tx:uart_tx_inst|state.STOP           ; uart_tx:uart_tx_inst|tx_done              ; clk          ; clk         ; 0.000        ; 0.065      ; 0.808      ;
; 0.592 ; uart_rx:uart_rx_inst|state.STOP_CHK       ; uart_rx:uart_rx_inst|next_state.STOP_CHK  ; clk          ; clk         ; 0.000        ; 0.064      ; 0.813      ;
; 0.603 ; uart_rx:uart_rx_inst|bit_cnt[1]           ; uart_rx:uart_rx_inst|bit_cnt[2]           ; clk          ; clk         ; 0.000        ; 0.064      ; 0.824      ;
; 0.606 ; uart_tx:uart_tx_inst|state.STOP           ; uart_tx:uart_tx_inst|tx                   ; clk          ; clk         ; 0.000        ; 0.065      ; 0.828      ;
; 0.607 ; uart_rx:uart_rx_inst|state.STOP_CHK       ; uart_rx:uart_rx_inst|rx_valid             ; clk          ; clk         ; 0.000        ; 0.064      ; 0.828      ;
; 0.611 ; uart_rx:uart_rx_inst|bit_cnt[0]           ; uart_rx:uart_rx_inst|bit_cnt[1]           ; clk          ; clk         ; 0.000        ; 0.064      ; 0.832      ;
; 0.614 ; uart_rx:uart_rx_inst|bit_cnt[0]           ; uart_rx:uart_rx_inst|bit_cnt[2]           ; clk          ; clk         ; 0.000        ; 0.064      ; 0.835      ;
; 0.647 ; uart_tx:uart_tx_inst|state.DATA           ; uart_tx:uart_tx_inst|next_state.DATA      ; clk          ; clk         ; 0.000        ; 0.064      ; 0.868      ;
; 0.648 ; uart_tx:uart_tx_inst|state.DATA           ; uart_tx:uart_tx_inst|next_state.PARITY    ; clk          ; clk         ; 0.000        ; 0.064      ; 0.869      ;
; 0.648 ; uart_tx:uart_tx_inst|next_state.IDLE      ; uart_tx:uart_tx_inst|state.IDLE           ; clk          ; clk         ; 0.000        ; 0.065      ; 0.870      ;
; 0.665 ; uart_tx:uart_tx_inst|state.STOP           ; uart_tx:uart_tx_inst|next_state.IDLE      ; clk          ; clk         ; 0.000        ; 0.065      ; 0.887      ;
; 0.665 ; uart_tx:uart_tx_inst|state.STOP           ; uart_tx:uart_tx_inst|next_state.STOP      ; clk          ; clk         ; 0.000        ; 0.065      ; 0.887      ;
; 0.675 ; uart_rx:uart_rx_inst|next_state.IDLE      ; uart_rx:uart_rx_inst|state.IDLE           ; clk          ; clk         ; 0.000        ; 0.064      ; 0.896      ;
; 0.676 ; uart_tx:uart_tx_inst|state.IDLE           ; uart_tx:uart_tx_inst|next_state.START     ; clk          ; clk         ; 0.000        ; 0.065      ; 0.898      ;
; 0.677 ; uart_rx:uart_rx_inst|next_state.START_DET ; uart_rx:uart_rx_inst|state.START_DET      ; clk          ; clk         ; 0.000        ; 0.064      ; 0.898      ;
; 0.684 ; uart_rx:uart_rx_inst|state.IDLE           ; uart_rx:uart_rx_inst|next_state.IDLE      ; clk          ; clk         ; 0.000        ; 0.064      ; 0.905      ;
; 0.695 ; uart_rx:uart_rx_inst|sample_cnt[1]        ; uart_rx:uart_rx_inst|sample_cnt[3]        ; clk          ; clk         ; 0.000        ; 0.064      ; 0.916      ;
; 0.711 ; uart_tx:uart_tx_inst|bit_cnt[2]           ; uart_tx:uart_tx_inst|next_state.PARITY    ; clk          ; clk         ; 0.000        ; 0.065      ; 0.933      ;
; 0.725 ; uart_rx:uart_rx_inst|state.START_DET      ; uart_rx:uart_rx_inst|next_state.START_DET ; clk          ; clk         ; 0.000        ; 0.064      ; 0.946      ;
; 0.725 ; uart_rx:uart_rx_inst|state.STOP_CHK       ; uart_rx:uart_rx_inst|stop_bit             ; clk          ; clk         ; 0.000        ; 0.064      ; 0.946      ;
; 0.739 ; uart_tx:uart_tx_inst|bit_cnt[0]           ; uart_tx:uart_tx_inst|bit_cnt[2]           ; clk          ; clk         ; 0.000        ; 0.065      ; 0.961      ;
; 0.751 ; uart_tx:uart_tx_inst|parity_bit           ; uart_tx:uart_tx_inst|tx                   ; clk          ; clk         ; 0.000        ; 0.065      ; 0.973      ;
; 0.751 ; uart_tx:uart_tx_inst|state.PARITY         ; uart_tx:uart_tx_inst|next_state.PARITY    ; clk          ; clk         ; 0.000        ; 0.064      ; 0.972      ;
; 0.764 ; uart_rx:uart_rx_inst|state.IDLE           ; uart_rx:uart_rx_inst|sample_cnt[3]        ; clk          ; clk         ; 0.000        ; 0.064      ; 0.985      ;
; 0.765 ; uart_rx:uart_rx_inst|state.IDLE           ; uart_rx:uart_rx_inst|sample_cnt[0]        ; clk          ; clk         ; 0.000        ; 0.064      ; 0.986      ;
; 0.767 ; uart_tx:uart_tx_inst|state.IDLE           ; uart_tx:uart_tx_inst|bit_cnt[0]           ; clk          ; clk         ; 0.000        ; 0.065      ; 0.989      ;
; 0.768 ; uart_tx:uart_tx_inst|state.IDLE           ; uart_tx:uart_tx_inst|bit_cnt[3]           ; clk          ; clk         ; 0.000        ; 0.065      ; 0.990      ;
; 0.769 ; uart_tx:uart_tx_inst|state.IDLE           ; uart_tx:uart_tx_inst|bit_cnt[2]           ; clk          ; clk         ; 0.000        ; 0.065      ; 0.991      ;
; 0.770 ; uart_tx:uart_tx_inst|state.IDLE           ; uart_tx:uart_tx_inst|bit_cnt[1]           ; clk          ; clk         ; 0.000        ; 0.065      ; 0.992      ;
; 0.779 ; uart_tx:uart_tx_inst|state.IDLE           ; uart_tx:uart_tx_inst|next_state.IDLE      ; clk          ; clk         ; 0.000        ; 0.065      ; 1.001      ;
; 0.784 ; uart_rx:uart_rx_inst|sample_cnt[2]        ; uart_rx:uart_rx_inst|sample_cnt[3]        ; clk          ; clk         ; 0.000        ; 0.064      ; 1.005      ;
; 0.796 ; uart_tx:uart_tx_inst|bit_cnt[2]           ; uart_tx:uart_tx_inst|bit_cnt[3]           ; clk          ; clk         ; 0.000        ; 0.065      ; 1.018      ;
; 0.797 ; uart_tx:uart_tx_inst|bit_cnt[3]           ; uart_tx:uart_tx_inst|next_state.PARITY    ; clk          ; clk         ; 0.000        ; 0.065      ; 1.019      ;
; 0.799 ; uart_rx:uart_rx_inst|rx_reg               ; uart_rx:uart_rx_inst|rx_data_reg[3]       ; clk          ; clk         ; 0.000        ; 0.064      ; 1.020      ;
; 0.801 ; uart_rx:uart_rx_inst|rx_data_reg[1]       ; uart_rx:uart_rx_inst|rx_data[1]           ; clk          ; clk         ; 0.000        ; 0.065      ; 1.023      ;
; 0.801 ; uart_rx:uart_rx_inst|rx_reg               ; uart_rx:uart_rx_inst|rx_data_reg[2]       ; clk          ; clk         ; 0.000        ; 0.064      ; 1.022      ;
; 0.803 ; uart_rx:uart_rx_inst|rx_reg               ; uart_rx:uart_rx_inst|rx_data_reg[0]       ; clk          ; clk         ; 0.000        ; 0.064      ; 1.024      ;
; 0.804 ; uart_rx:uart_rx_inst|rx_reg               ; uart_rx:uart_rx_inst|rx_data_reg[1]       ; clk          ; clk         ; 0.000        ; 0.064      ; 1.025      ;
; 0.824 ; uart_rx:uart_rx_inst|rx_reg               ; uart_rx:uart_rx_inst|next_state.IDLE      ; clk          ; clk         ; 0.000        ; 0.064      ; 1.045      ;
+-------+-------------------------------------------+-------------------------------------------+--------------+-------------+--------------+------------+------------+


+----------------------------------------------------------------------------------------------------------------------------+
; Slow 1200mV 85C Model Minimum Pulse Width: 'clk'                                                                           ;
+--------+--------------+----------------+-----------------+-------+------------+--------------------------------------------+
; Slack  ; Actual Width ; Required Width ; Type            ; Clock ; Clock Edge ; Target                                     ;
+--------+--------------+----------------+-----------------+-------+------------+--------------------------------------------+
; -3.000 ; 1.000        ; 4.000          ; Port Rate       ; clk   ; Rise       ; clk                                        ;
; -1.000 ; 1.000        ; 2.000          ; Min Period      ; clk   ; Rise       ; baud_gen:baud_gen_inst|baud_clk            ;
; -1.000 ; 1.000        ; 2.000          ; Min Period      ; clk   ; Rise       ; baud_gen:baud_gen_inst|cnt[0]              ;
; -1.000 ; 1.000        ; 2.000          ; Min Period      ; clk   ; Rise       ; baud_gen:baud_gen_inst|cnt[10]             ;
; -1.000 ; 1.000        ; 2.000          ; Min Period      ; clk   ; Rise       ; baud_gen:baud_gen_inst|cnt[11]             ;
; -1.000 ; 1.000        ; 2.000          ; Min Period      ; clk   ; Rise       ; baud_gen:baud_gen_inst|cnt[12]             ;
; -1.000 ; 1.000        ; 2.000          ; Min Period      ; clk   ; Rise       ; baud_gen:baud_gen_inst|cnt[13]             ;
; -1.000 ; 1.000        ; 2.000          ; Min Period      ; clk   ; Rise       ; baud_gen:baud_gen_inst|cnt[14]             ;
; -1.000 ; 1.000        ; 2.000          ; Min Period      ; clk   ; Rise       ; baud_gen:baud_gen_inst|cnt[15]             ;
; -1.000 ; 1.000        ; 2.000          ; Min Period      ; clk   ; Rise       ; baud_gen:baud_gen_inst|cnt[1]              ;
; -1.000 ; 1.000        ; 2.000          ; Min Period      ; clk   ; Rise       ; baud_gen:baud_gen_inst|cnt[2]              ;
; -1.000 ; 1.000        ; 2.000          ; Min Period      ; clk   ; Rise       ; baud_gen:baud_gen_inst|cnt[3]              ;
; -1.000 ; 1.000        ; 2.000          ; Min Period      ; clk   ; Rise       ; baud_gen:baud_gen_inst|cnt[4]              ;
; -1.000 ; 1.000        ; 2.000          ; Min Period      ; clk   ; Rise       ; baud_gen:baud_gen_inst|cnt[5]              ;
; -1.000 ; 1.000        ; 2.000          ; Min Period      ; clk   ; Rise       ; baud_gen:baud_gen_inst|cnt[6]              ;
; -1.000 ; 1.000        ; 2.000          ; Min Period      ; clk   ; Rise       ; baud_gen:baud_gen_inst|cnt[7]              ;
; -1.000 ; 1.000        ; 2.000          ; Min Period      ; clk   ; Rise       ; baud_gen:baud_gen_inst|cnt[8]              ;
; -1.000 ; 1.000        ; 2.000          ; Min Period      ; clk   ; Rise       ; baud_gen:baud_gen_inst|cnt[9]              ;
; -1.000 ; 1.000        ; 2.000          ; Min Period      ; clk   ; Rise       ; uart_rx:uart_rx_inst|bit_cnt[0]            ;
; -1.000 ; 1.000        ; 2.000          ; Min Period      ; clk   ; Rise       ; uart_rx:uart_rx_inst|bit_cnt[1]            ;
; -1.000 ; 1.000        ; 2.000          ; Min Period      ; clk   ; Rise       ; uart_rx:uart_rx_inst|bit_cnt[2]            ;
; -1.000 ; 1.000        ; 2.000          ; Min Period      ; clk   ; Rise       ; uart_rx:uart_rx_inst|bit_cnt[3]            ;
; -1.000 ; 1.000        ; 2.000          ; Min Period      ; clk   ; Rise       ; uart_rx:uart_rx_inst|next_state.DATA_RX    ;
; -1.000 ; 1.000        ; 2.000          ; Min Period      ; clk   ; Rise       ; uart_rx:uart_rx_inst|next_state.IDLE       ;
; -1.000 ; 1.000        ; 2.000          ; Min Period      ; clk   ; Rise       ; uart_rx:uart_rx_inst|next_state.PARITY_CHK ;
; -1.000 ; 1.000        ; 2.000          ; Min Period      ; clk   ; Rise       ; uart_rx:uart_rx_inst|next_state.START_DET  ;
; -1.000 ; 1.000        ; 2.000          ; Min Period      ; clk   ; Rise       ; uart_rx:uart_rx_inst|next_state.STOP_CHK   ;
; -1.000 ; 1.000        ; 2.000          ; Min Period      ; clk   ; Rise       ; uart_rx:uart_rx_inst|parity_bit            ;
; -1.000 ; 1.000        ; 2.000          ; Min Period      ; clk   ; Rise       ; uart_rx:uart_rx_inst|rx_data[0]            ;
; -1.000 ; 1.000        ; 2.000          ; Min Period      ; clk   ; Rise       ; uart_rx:uart_rx_inst|rx_data[1]            ;
; -1.000 ; 1.000        ; 2.000          ; Min Period      ; clk   ; Rise       ; uart_rx:uart_rx_inst|rx_data[2]            ;
; -1.000 ; 1.000        ; 2.000          ; Min Period      ; clk   ; Rise       ; uart_rx:uart_rx_inst|rx_data[3]            ;
; -1.000 ; 1.000        ; 2.000          ; Min Period      ; clk   ; Rise       ; uart_rx:uart_rx_inst|rx_data[4]            ;
; -1.000 ; 1.000        ; 2.000          ; Min Period      ; clk   ; Rise       ; uart_rx:uart_rx_inst|rx_data[5]            ;
; -1.000 ; 1.000        ; 2.000          ; Min Period      ; clk   ; Rise       ; uart_rx:uart_rx_inst|rx_data[6]            ;
; -1.000 ; 1.000        ; 2.000          ; Min Period      ; clk   ; Rise       ; uart_rx:uart_rx_inst|rx_data[7]            ;
; -1.000 ; 1.000        ; 2.000          ; Min Period      ; clk   ; Rise       ; uart_rx:uart_rx_inst|rx_data_reg[0]        ;
; -1.000 ; 1.000        ; 2.000          ; Min Period      ; clk   ; Rise       ; uart_rx:uart_rx_inst|rx_data_reg[1]        ;
; -1.000 ; 1.000        ; 2.000          ; Min Period      ; clk   ; Rise       ; uart_rx:uart_rx_inst|rx_data_reg[2]        ;
; -1.000 ; 1.000        ; 2.000          ; Min Period      ; clk   ; Rise       ; uart_rx:uart_rx_inst|rx_data_reg[3]        ;
; -1.000 ; 1.000        ; 2.000          ; Min Period      ; clk   ; Rise       ; uart_rx:uart_rx_inst|rx_data_reg[4]        ;
; -1.000 ; 1.000        ; 2.000          ; Min Period      ; clk   ; Rise       ; uart_rx:uart_rx_inst|rx_data_reg[5]        ;
; -1.000 ; 1.000        ; 2.000          ; Min Period      ; clk   ; Rise       ; uart_rx:uart_rx_inst|rx_data_reg[6]        ;
; -1.000 ; 1.000        ; 2.000          ; Min Period      ; clk   ; Rise       ; uart_rx:uart_rx_inst|rx_data_reg[7]        ;
; -1.000 ; 1.000        ; 2.000          ; Min Period      ; clk   ; Rise       ; uart_rx:uart_rx_inst|rx_ready              ;
; -1.000 ; 1.000        ; 2.000          ; Min Period      ; clk   ; Rise       ; uart_rx:uart_rx_inst|rx_reg                ;
; -1.000 ; 1.000        ; 2.000          ; Min Period      ; clk   ; Rise       ; uart_rx:uart_rx_inst|rx_valid              ;
; -1.000 ; 1.000        ; 2.000          ; Min Period      ; clk   ; Rise       ; uart_rx:uart_rx_inst|sample_cnt[0]         ;
; -1.000 ; 1.000        ; 2.000          ; Min Period      ; clk   ; Rise       ; uart_rx:uart_rx_inst|sample_cnt[1]         ;
; -1.000 ; 1.000        ; 2.000          ; Min Period      ; clk   ; Rise       ; uart_rx:uart_rx_inst|sample_cnt[2]         ;
; -1.000 ; 1.000        ; 2.000          ; Min Period      ; clk   ; Rise       ; uart_rx:uart_rx_inst|sample_cnt[3]         ;
; -1.000 ; 1.000        ; 2.000          ; Min Period      ; clk   ; Rise       ; uart_rx:uart_rx_inst|state.DATA_RX         ;
; -1.000 ; 1.000        ; 2.000          ; Min Period      ; clk   ; Rise       ; uart_rx:uart_rx_inst|state.IDLE            ;
; -1.000 ; 1.000        ; 2.000          ; Min Period      ; clk   ; Rise       ; uart_rx:uart_rx_inst|state.PARITY_CHK      ;
; -1.000 ; 1.000        ; 2.000          ; Min Period      ; clk   ; Rise       ; uart_rx:uart_rx_inst|state.START_DET       ;
; -1.000 ; 1.000        ; 2.000          ; Min Period      ; clk   ; Rise       ; uart_rx:uart_rx_inst|state.STOP_CHK        ;
; -1.000 ; 1.000        ; 2.000          ; Min Period      ; clk   ; Rise       ; uart_rx:uart_rx_inst|stop_bit              ;
; -1.000 ; 1.000        ; 2.000          ; Min Period      ; clk   ; Rise       ; uart_tx:uart_tx_inst|bit_cnt[0]            ;
; -1.000 ; 1.000        ; 2.000          ; Min Period      ; clk   ; Rise       ; uart_tx:uart_tx_inst|bit_cnt[1]            ;
; -1.000 ; 1.000        ; 2.000          ; Min Period      ; clk   ; Rise       ; uart_tx:uart_tx_inst|bit_cnt[2]            ;
; -1.000 ; 1.000        ; 2.000          ; Min Period      ; clk   ; Rise       ; uart_tx:uart_tx_inst|bit_cnt[3]            ;
; -1.000 ; 1.000        ; 2.000          ; Min Period      ; clk   ; Rise       ; uart_tx:uart_tx_inst|next_state.DATA       ;
; -1.000 ; 1.000        ; 2.000          ; Min Period      ; clk   ; Rise       ; uart_tx:uart_tx_inst|next_state.IDLE       ;
; -1.000 ; 1.000        ; 2.000          ; Min Period      ; clk   ; Rise       ; uart_tx:uart_tx_inst|next_state.PARITY     ;
; -1.000 ; 1.000        ; 2.000          ; Min Period      ; clk   ; Rise       ; uart_tx:uart_tx_inst|next_state.START      ;
; -1.000 ; 1.000        ; 2.000          ; Min Period      ; clk   ; Rise       ; uart_tx:uart_tx_inst|next_state.STOP       ;
; -1.000 ; 1.000        ; 2.000          ; Min Period      ; clk   ; Rise       ; uart_tx:uart_tx_inst|parity_bit            ;
; -1.000 ; 1.000        ; 2.000          ; Min Period      ; clk   ; Rise       ; uart_tx:uart_tx_inst|state.DATA            ;
; -1.000 ; 1.000        ; 2.000          ; Min Period      ; clk   ; Rise       ; uart_tx:uart_tx_inst|state.IDLE            ;
; -1.000 ; 1.000        ; 2.000          ; Min Period      ; clk   ; Rise       ; uart_tx:uart_tx_inst|state.PARITY          ;
; -1.000 ; 1.000        ; 2.000          ; Min Period      ; clk   ; Rise       ; uart_tx:uart_tx_inst|state.START           ;
; -1.000 ; 1.000        ; 2.000          ; Min Period      ; clk   ; Rise       ; uart_tx:uart_tx_inst|state.STOP            ;
; -1.000 ; 1.000        ; 2.000          ; Min Period      ; clk   ; Rise       ; uart_tx:uart_tx_inst|tx                    ;
; -1.000 ; 1.000        ; 2.000          ; Min Period      ; clk   ; Rise       ; uart_tx:uart_tx_inst|tx_data_reg[0]        ;
; -1.000 ; 1.000        ; 2.000          ; Min Period      ; clk   ; Rise       ; uart_tx:uart_tx_inst|tx_data_reg[1]        ;
; -1.000 ; 1.000        ; 2.000          ; Min Period      ; clk   ; Rise       ; uart_tx:uart_tx_inst|tx_data_reg[2]        ;
; -1.000 ; 1.000        ; 2.000          ; Min Period      ; clk   ; Rise       ; uart_tx:uart_tx_inst|tx_data_reg[3]        ;
; -1.000 ; 1.000        ; 2.000          ; Min Period      ; clk   ; Rise       ; uart_tx:uart_tx_inst|tx_data_reg[4]        ;
; -1.000 ; 1.000        ; 2.000          ; Min Period      ; clk   ; Rise       ; uart_tx:uart_tx_inst|tx_data_reg[5]        ;
; -1.000 ; 1.000        ; 2.000          ; Min Period      ; clk   ; Rise       ; uart_tx:uart_tx_inst|tx_data_reg[6]        ;
; -1.000 ; 1.000        ; 2.000          ; Min Period      ; clk   ; Rise       ; uart_tx:uart_tx_inst|tx_data_reg[7]        ;
; -1.000 ; 1.000        ; 2.000          ; Min Period      ; clk   ; Rise       ; uart_tx:uart_tx_inst|tx_done               ;
; 0.197  ; 0.381        ; 0.184          ; Low Pulse Width ; clk   ; Rise       ; baud_gen:baud_gen_inst|baud_clk            ;
; 0.197  ; 0.381        ; 0.184          ; Low Pulse Width ; clk   ; Rise       ; baud_gen:baud_gen_inst|cnt[0]              ;
; 0.208  ; 0.392        ; 0.184          ; Low Pulse Width ; clk   ; Rise       ; uart_rx:uart_rx_inst|next_state.IDLE       ;
; 0.208  ; 0.392        ; 0.184          ; Low Pulse Width ; clk   ; Rise       ; uart_rx:uart_rx_inst|next_state.START_DET  ;
; 0.208  ; 0.392        ; 0.184          ; Low Pulse Width ; clk   ; Rise       ; uart_rx:uart_rx_inst|rx_data_reg[0]        ;
; 0.208  ; 0.392        ; 0.184          ; Low Pulse Width ; clk   ; Rise       ; uart_rx:uart_rx_inst|rx_data_reg[1]        ;
; 0.208  ; 0.392        ; 0.184          ; Low Pulse Width ; clk   ; Rise       ; uart_rx:uart_rx_inst|rx_data_reg[2]        ;
; 0.208  ; 0.392        ; 0.184          ; Low Pulse Width ; clk   ; Rise       ; uart_rx:uart_rx_inst|rx_data_reg[3]        ;
; 0.208  ; 0.392        ; 0.184          ; Low Pulse Width ; clk   ; Rise       ; uart_rx:uart_rx_inst|sample_cnt[0]         ;
; 0.208  ; 0.392        ; 0.184          ; Low Pulse Width ; clk   ; Rise       ; uart_rx:uart_rx_inst|sample_cnt[1]         ;
; 0.208  ; 0.392        ; 0.184          ; Low Pulse Width ; clk   ; Rise       ; uart_rx:uart_rx_inst|sample_cnt[2]         ;
; 0.208  ; 0.392        ; 0.184          ; Low Pulse Width ; clk   ; Rise       ; uart_rx:uart_rx_inst|sample_cnt[3]         ;
; 0.208  ; 0.392        ; 0.184          ; Low Pulse Width ; clk   ; Rise       ; uart_rx:uart_rx_inst|state.DATA_RX         ;
; 0.209  ; 0.393        ; 0.184          ; Low Pulse Width ; clk   ; Rise       ; uart_rx:uart_rx_inst|bit_cnt[0]            ;
; 0.209  ; 0.393        ; 0.184          ; Low Pulse Width ; clk   ; Rise       ; uart_rx:uart_rx_inst|bit_cnt[1]            ;
; 0.209  ; 0.393        ; 0.184          ; Low Pulse Width ; clk   ; Rise       ; uart_rx:uart_rx_inst|bit_cnt[2]            ;
; 0.209  ; 0.393        ; 0.184          ; Low Pulse Width ; clk   ; Rise       ; uart_rx:uart_rx_inst|bit_cnt[3]            ;
; 0.209  ; 0.393        ; 0.184          ; Low Pulse Width ; clk   ; Rise       ; uart_rx:uart_rx_inst|next_state.DATA_RX    ;
+--------+--------------+----------------+-----------------+-------+------------+--------------------------------------------+


+-------------------------------------------------------------------------+
; Setup Times                                                             ;
+-------------+------------+-------+-------+------------+-----------------+
; Data Port   ; Clock Port ; Rise  ; Fall  ; Clock Edge ; Clock Reference ;
+-------------+------------+-------+-------+------------+-----------------+
; rst_n       ; clk        ; 0.333 ; 0.426 ; Rise       ; clk             ;
; rx          ; clk        ; 2.642 ; 3.111 ; Rise       ; clk             ;
; tx_data[*]  ; clk        ; 3.302 ; 3.687 ; Rise       ; clk             ;
;  tx_data[0] ; clk        ; 1.106 ; 1.194 ; Rise       ; clk             ;
;  tx_data[1] ; clk        ; 0.699 ; 0.823 ; Rise       ; clk             ;
;  tx_data[2] ; clk        ; 2.629 ; 3.053 ; Rise       ; clk             ;
;  tx_data[3] ; clk        ; 2.413 ; 2.840 ; Rise       ; clk             ;
;  tx_data[4] ; clk        ; 3.085 ; 3.491 ; Rise       ; clk             ;
;  tx_data[5] ; clk        ; 2.890 ; 3.334 ; Rise       ; clk             ;
;  tx_data[6] ; clk        ; 3.302 ; 3.687 ; Rise       ; clk             ;
;  tx_data[7] ; clk        ; 2.765 ; 3.187 ; Rise       ; clk             ;
; tx_en       ; clk        ; 2.852 ; 3.286 ; Rise       ; clk             ;
+-------------+------------+-------+-------+------------+-----------------+


+---------------------------------------------------------------------------+
; Hold Times                                                                ;
+-------------+------------+--------+--------+------------+-----------------+
; Data Port   ; Clock Port ; Rise   ; Fall   ; Clock Edge ; Clock Reference ;
+-------------+------------+--------+--------+------------+-----------------+
; rst_n       ; clk        ; 0.250  ; 0.095  ; Rise       ; clk             ;
; rx          ; clk        ; -2.227 ; -2.684 ; Rise       ; clk             ;
; tx_data[*]  ; clk        ; 0.386  ; 0.267  ; Rise       ; clk             ;
;  tx_data[0] ; clk        ; 0.134  ; 0.024  ; Rise       ; clk             ;
;  tx_data[1] ; clk        ; 0.386  ; 0.267  ; Rise       ; clk             ;
;  tx_data[2] ; clk        ; -1.316 ; -1.739 ; Rise       ; clk             ;
;  tx_data[3] ; clk        ; -1.291 ; -1.695 ; Rise       ; clk             ;
;  tx_data[4] ; clk        ; -1.475 ; -1.899 ; Rise       ; clk             ;
;  tx_data[5] ; clk        ; -1.464 ; -1.883 ; Rise       ; clk             ;
;  tx_data[6] ; clk        ; -1.688 ; -2.081 ; Rise       ; clk             ;
;  tx_data[7] ; clk        ; -1.477 ; -1.893 ; Rise       ; clk             ;
; tx_en       ; clk        ; -1.492 ; -1.916 ; Rise       ; clk             ;
+-------------+------------+--------+--------+------------+-----------------+


+-------------------------------------------------------------------------+
; Clock to Output Times                                                   ;
+-------------+------------+-------+-------+------------+-----------------+
; Data Port   ; Clock Port ; Rise  ; Fall  ; Clock Edge ; Clock Reference ;
+-------------+------------+-------+-------+------------+-----------------+
; rx_data[*]  ; clk        ; 6.692 ; 6.676 ; Rise       ; clk             ;
;  rx_data[0] ; clk        ; 6.502 ; 6.442 ; Rise       ; clk             ;
;  rx_data[1] ; clk        ; 6.163 ; 6.102 ; Rise       ; clk             ;
;  rx_data[2] ; clk        ; 6.692 ; 6.676 ; Rise       ; clk             ;
;  rx_data[3] ; clk        ; 6.374 ; 6.305 ; Rise       ; clk             ;
;  rx_data[4] ; clk        ; 6.153 ; 6.094 ; Rise       ; clk             ;
;  rx_data[5] ; clk        ; 6.125 ; 6.065 ; Rise       ; clk             ;
;  rx_data[6] ; clk        ; 6.496 ; 6.432 ; Rise       ; clk             ;
;  rx_data[7] ; clk        ; 6.099 ; 6.039 ; Rise       ; clk             ;
; rx_valid    ; clk        ; 7.035 ; 7.027 ; Rise       ; clk             ;
; tx          ; clk        ; 5.738 ; 5.801 ; Rise       ; clk             ;
; tx_done     ; clk        ; 5.760 ; 5.697 ; Rise       ; clk             ;
+-------------+------------+-------+-------+------------+-----------------+


+-------------------------------------------------------------------------+
; Minimum Clock to Output Times                                           ;
+-------------+------------+-------+-------+------------+-----------------+
; Data Port   ; Clock Port ; Rise  ; Fall  ; Clock Edge ; Clock Reference ;
+-------------+------------+-------+-------+------------+-----------------+
; rx_data[*]  ; clk        ; 5.900 ; 5.839 ; Rise       ; clk             ;
;  rx_data[0] ; clk        ; 6.292 ; 6.230 ; Rise       ; clk             ;
;  rx_data[1] ; clk        ; 5.962 ; 5.899 ; Rise       ; clk             ;
;  rx_data[2] ; clk        ; 6.473 ; 6.454 ; Rise       ; clk             ;
;  rx_data[3] ; clk        ; 6.167 ; 6.097 ; Rise       ; clk             ;
;  rx_data[4] ; clk        ; 5.951 ; 5.891 ; Rise       ; clk             ;
;  rx_data[5] ; clk        ; 5.924 ; 5.863 ; Rise       ; clk             ;
;  rx_data[6] ; clk        ; 6.286 ; 6.220 ; Rise       ; clk             ;
;  rx_data[7] ; clk        ; 5.900 ; 5.839 ; Rise       ; clk             ;
; rx_valid    ; clk        ; 6.832 ; 6.823 ; Rise       ; clk             ;
; tx          ; clk        ; 5.552 ; 5.618 ; Rise       ; clk             ;
; tx_done     ; clk        ; 5.578 ; 5.514 ; Rise       ; clk             ;
+-------------+------------+-------+-------+------------+-----------------+


----------------------------------------------
; Slow 1200mV 85C Model Metastability Report ;
----------------------------------------------
No synchronizer chains to report.


+-----------------------------------------------------------------------------------------------------------+
; Slow 1200mV 0C Model Fmax Summary                                                                         ;
+------------+-----------------+------------+---------------------------------------------------------------+
; Fmax       ; Restricted Fmax ; Clock Name ; Note                                                          ;
+------------+-----------------+------------+---------------------------------------------------------------+
; 415.97 MHz ; 250.0 MHz       ; clk        ; limit due to minimum period restriction (max I/O toggle rate) ;
+------------+-----------------+------------+---------------------------------------------------------------+
This panel reports FMAX for every clock in the design, regardless of the user-specified clock periods.  FMAX is only computed for paths where the source and destination registers or ports are driven by the same clock.  Paths of different clocks, including generated clocks, are ignored.  For paths between a clock and its inversion, FMAX is computed as if the rising and falling edges are scaled along with FMAX, such that the duty cycle (in terms of a percentage) is maintained. Altera recommends that you always use clock constraints and other slack reports for sign-off analysis.


+------------------------------------+
; Slow 1200mV 0C Model Setup Summary ;
+-------+--------+-------------------+
; Clock ; Slack  ; End Point TNS     ;
+-------+--------+-------------------+
; clk   ; -1.404 ; -61.990           ;
+-------+--------+-------------------+


+-----------------------------------+
; Slow 1200mV 0C Model Hold Summary ;
+-------+-------+-------------------+
; Clock ; Slack ; End Point TNS     ;
+-------+-------+-------------------+
; clk   ; 0.297 ; 0.000             ;
+-------+-------+-------------------+


-----------------------------------------
; Slow 1200mV 0C Model Recovery Summary ;
-----------------------------------------
No paths to report.


----------------------------------------
; Slow 1200mV 0C Model Removal Summary ;
----------------------------------------
No paths to report.


+--------------------------------------------------+
; Slow 1200mV 0C Model Minimum Pulse Width Summary ;
+-------+--------+---------------------------------+
; Clock ; Slack  ; End Point TNS                   ;
+-------+--------+---------------------------------+
; clk   ; -3.000 ; -84.000                         ;
+-------+--------+---------------------------------+


+------------------------------------------------------------------------------------------------------------------------------------------------------+
; Slow 1200mV 0C Model Setup: 'clk'                                                                                                                    ;
+--------+-------------------------------------+---------------------------------+--------------+-------------+--------------+------------+------------+
; Slack  ; From Node                           ; To Node                         ; Launch Clock ; Latch Clock ; Relationship ; Clock Skew ; Data Delay ;
+--------+-------------------------------------+---------------------------------+--------------+-------------+--------------+------------+------------+
; -1.404 ; uart_rx:uart_rx_inst|rx_data_reg[3] ; uart_rx:uart_rx_inst|rx_data[0] ; clk          ; clk         ; 1.000        ; -0.056     ; 2.343      ;
; -1.404 ; uart_rx:uart_rx_inst|rx_data_reg[3] ; uart_rx:uart_rx_inst|rx_data[1] ; clk          ; clk         ; 1.000        ; -0.056     ; 2.343      ;
; -1.404 ; uart_rx:uart_rx_inst|rx_data_reg[3] ; uart_rx:uart_rx_inst|rx_data[2] ; clk          ; clk         ; 1.000        ; -0.056     ; 2.343      ;
; -1.404 ; uart_rx:uart_rx_inst|rx_data_reg[3] ; uart_rx:uart_rx_inst|rx_data[3] ; clk          ; clk         ; 1.000        ; -0.056     ; 2.343      ;
; -1.404 ; uart_rx:uart_rx_inst|rx_data_reg[3] ; uart_rx:uart_rx_inst|rx_data[4] ; clk          ; clk         ; 1.000        ; -0.056     ; 2.343      ;
; -1.404 ; uart_rx:uart_rx_inst|rx_data_reg[3] ; uart_rx:uart_rx_inst|rx_data[5] ; clk          ; clk         ; 1.000        ; -0.056     ; 2.343      ;
; -1.404 ; uart_rx:uart_rx_inst|rx_data_reg[3] ; uart_rx:uart_rx_inst|rx_data[6] ; clk          ; clk         ; 1.000        ; -0.056     ; 2.343      ;
; -1.404 ; uart_rx:uart_rx_inst|rx_data_reg[3] ; uart_rx:uart_rx_inst|rx_data[7] ; clk          ; clk         ; 1.000        ; -0.056     ; 2.343      ;
; -1.342 ; baud_gen:baud_gen_inst|cnt[0]       ; baud_gen:baud_gen_inst|cnt[15]  ; clk          ; clk         ; 1.000        ; -0.384     ; 1.953      ;
; -1.321 ; baud_gen:baud_gen_inst|cnt[0]       ; baud_gen:baud_gen_inst|cnt[1]   ; clk          ; clk         ; 1.000        ; -0.384     ; 1.932      ;
; -1.299 ; baud_gen:baud_gen_inst|cnt[0]       ; baud_gen:baud_gen_inst|cnt[4]   ; clk          ; clk         ; 1.000        ; -0.384     ; 1.910      ;
; -1.296 ; uart_rx:uart_rx_inst|rx_data_reg[1] ; uart_rx:uart_rx_inst|rx_data[0] ; clk          ; clk         ; 1.000        ; -0.056     ; 2.235      ;
; -1.296 ; uart_rx:uart_rx_inst|rx_data_reg[1] ; uart_rx:uart_rx_inst|rx_data[1] ; clk          ; clk         ; 1.000        ; -0.056     ; 2.235      ;
; -1.296 ; uart_rx:uart_rx_inst|rx_data_reg[1] ; uart_rx:uart_rx_inst|rx_data[2] ; clk          ; clk         ; 1.000        ; -0.056     ; 2.235      ;
; -1.296 ; uart_rx:uart_rx_inst|rx_data_reg[1] ; uart_rx:uart_rx_inst|rx_data[3] ; clk          ; clk         ; 1.000        ; -0.056     ; 2.235      ;
; -1.296 ; uart_rx:uart_rx_inst|rx_data_reg[1] ; uart_rx:uart_rx_inst|rx_data[4] ; clk          ; clk         ; 1.000        ; -0.056     ; 2.235      ;
; -1.296 ; uart_rx:uart_rx_inst|rx_data_reg[1] ; uart_rx:uart_rx_inst|rx_data[5] ; clk          ; clk         ; 1.000        ; -0.056     ; 2.235      ;
; -1.296 ; uart_rx:uart_rx_inst|rx_data_reg[1] ; uart_rx:uart_rx_inst|rx_data[6] ; clk          ; clk         ; 1.000        ; -0.056     ; 2.235      ;
; -1.296 ; uart_rx:uart_rx_inst|rx_data_reg[1] ; uart_rx:uart_rx_inst|rx_data[7] ; clk          ; clk         ; 1.000        ; -0.056     ; 2.235      ;
; -1.264 ; uart_rx:uart_rx_inst|rx_data_reg[5] ; uart_rx:uart_rx_inst|rx_data[0] ; clk          ; clk         ; 1.000        ; -0.056     ; 2.203      ;
; -1.264 ; uart_rx:uart_rx_inst|rx_data_reg[5] ; uart_rx:uart_rx_inst|rx_data[1] ; clk          ; clk         ; 1.000        ; -0.056     ; 2.203      ;
; -1.264 ; uart_rx:uart_rx_inst|rx_data_reg[5] ; uart_rx:uart_rx_inst|rx_data[2] ; clk          ; clk         ; 1.000        ; -0.056     ; 2.203      ;
; -1.264 ; uart_rx:uart_rx_inst|rx_data_reg[5] ; uart_rx:uart_rx_inst|rx_data[3] ; clk          ; clk         ; 1.000        ; -0.056     ; 2.203      ;
; -1.264 ; uart_rx:uart_rx_inst|rx_data_reg[5] ; uart_rx:uart_rx_inst|rx_data[4] ; clk          ; clk         ; 1.000        ; -0.056     ; 2.203      ;
; -1.264 ; uart_rx:uart_rx_inst|rx_data_reg[5] ; uart_rx:uart_rx_inst|rx_data[5] ; clk          ; clk         ; 1.000        ; -0.056     ; 2.203      ;
; -1.264 ; uart_rx:uart_rx_inst|rx_data_reg[5] ; uart_rx:uart_rx_inst|rx_data[6] ; clk          ; clk         ; 1.000        ; -0.056     ; 2.203      ;
; -1.264 ; uart_rx:uart_rx_inst|rx_data_reg[5] ; uart_rx:uart_rx_inst|rx_data[7] ; clk          ; clk         ; 1.000        ; -0.056     ; 2.203      ;
; -1.264 ; uart_rx:uart_rx_inst|rx_data_reg[4] ; uart_rx:uart_rx_inst|rx_data[0] ; clk          ; clk         ; 1.000        ; -0.056     ; 2.203      ;
; -1.264 ; uart_rx:uart_rx_inst|rx_data_reg[4] ; uart_rx:uart_rx_inst|rx_data[1] ; clk          ; clk         ; 1.000        ; -0.056     ; 2.203      ;
; -1.264 ; uart_rx:uart_rx_inst|rx_data_reg[4] ; uart_rx:uart_rx_inst|rx_data[2] ; clk          ; clk         ; 1.000        ; -0.056     ; 2.203      ;
; -1.264 ; uart_rx:uart_rx_inst|rx_data_reg[4] ; uart_rx:uart_rx_inst|rx_data[3] ; clk          ; clk         ; 1.000        ; -0.056     ; 2.203      ;
; -1.264 ; uart_rx:uart_rx_inst|rx_data_reg[4] ; uart_rx:uart_rx_inst|rx_data[4] ; clk          ; clk         ; 1.000        ; -0.056     ; 2.203      ;
; -1.264 ; uart_rx:uart_rx_inst|rx_data_reg[4] ; uart_rx:uart_rx_inst|rx_data[5] ; clk          ; clk         ; 1.000        ; -0.056     ; 2.203      ;
; -1.264 ; uart_rx:uart_rx_inst|rx_data_reg[4] ; uart_rx:uart_rx_inst|rx_data[6] ; clk          ; clk         ; 1.000        ; -0.056     ; 2.203      ;
; -1.264 ; uart_rx:uart_rx_inst|rx_data_reg[4] ; uart_rx:uart_rx_inst|rx_data[7] ; clk          ; clk         ; 1.000        ; -0.056     ; 2.203      ;
; -1.261 ; baud_gen:baud_gen_inst|cnt[0]       ; baud_gen:baud_gen_inst|cnt[14]  ; clk          ; clk         ; 1.000        ; -0.384     ; 1.872      ;
; -1.242 ; baud_gen:baud_gen_inst|cnt[0]       ; baud_gen:baud_gen_inst|cnt[13]  ; clk          ; clk         ; 1.000        ; -0.384     ; 1.853      ;
; -1.223 ; uart_rx:uart_rx_inst|sample_cnt[1]  ; uart_rx:uart_rx_inst|rx_data[0] ; clk          ; clk         ; 1.000        ; -0.056     ; 2.162      ;
; -1.223 ; uart_rx:uart_rx_inst|sample_cnt[1]  ; uart_rx:uart_rx_inst|rx_data[1] ; clk          ; clk         ; 1.000        ; -0.056     ; 2.162      ;
; -1.223 ; uart_rx:uart_rx_inst|sample_cnt[1]  ; uart_rx:uart_rx_inst|rx_data[2] ; clk          ; clk         ; 1.000        ; -0.056     ; 2.162      ;
; -1.223 ; uart_rx:uart_rx_inst|sample_cnt[1]  ; uart_rx:uart_rx_inst|rx_data[3] ; clk          ; clk         ; 1.000        ; -0.056     ; 2.162      ;
; -1.223 ; uart_rx:uart_rx_inst|sample_cnt[1]  ; uart_rx:uart_rx_inst|rx_data[4] ; clk          ; clk         ; 1.000        ; -0.056     ; 2.162      ;
; -1.223 ; uart_rx:uart_rx_inst|sample_cnt[1]  ; uart_rx:uart_rx_inst|rx_data[5] ; clk          ; clk         ; 1.000        ; -0.056     ; 2.162      ;
; -1.223 ; uart_rx:uart_rx_inst|sample_cnt[1]  ; uart_rx:uart_rx_inst|rx_data[6] ; clk          ; clk         ; 1.000        ; -0.056     ; 2.162      ;
; -1.223 ; uart_rx:uart_rx_inst|sample_cnt[1]  ; uart_rx:uart_rx_inst|rx_data[7] ; clk          ; clk         ; 1.000        ; -0.056     ; 2.162      ;
; -1.193 ; uart_rx:uart_rx_inst|sample_cnt[3]  ; uart_rx:uart_rx_inst|rx_data[0] ; clk          ; clk         ; 1.000        ; -0.056     ; 2.132      ;
; -1.193 ; uart_rx:uart_rx_inst|sample_cnt[3]  ; uart_rx:uart_rx_inst|rx_data[1] ; clk          ; clk         ; 1.000        ; -0.056     ; 2.132      ;
; -1.193 ; uart_rx:uart_rx_inst|sample_cnt[3]  ; uart_rx:uart_rx_inst|rx_data[2] ; clk          ; clk         ; 1.000        ; -0.056     ; 2.132      ;
; -1.193 ; uart_rx:uart_rx_inst|sample_cnt[3]  ; uart_rx:uart_rx_inst|rx_data[3] ; clk          ; clk         ; 1.000        ; -0.056     ; 2.132      ;
; -1.193 ; uart_rx:uart_rx_inst|sample_cnt[3]  ; uart_rx:uart_rx_inst|rx_data[4] ; clk          ; clk         ; 1.000        ; -0.056     ; 2.132      ;
; -1.193 ; uart_rx:uart_rx_inst|sample_cnt[3]  ; uart_rx:uart_rx_inst|rx_data[5] ; clk          ; clk         ; 1.000        ; -0.056     ; 2.132      ;
; -1.193 ; uart_rx:uart_rx_inst|sample_cnt[3]  ; uart_rx:uart_rx_inst|rx_data[6] ; clk          ; clk         ; 1.000        ; -0.056     ; 2.132      ;
; -1.193 ; uart_rx:uart_rx_inst|sample_cnt[3]  ; uart_rx:uart_rx_inst|rx_data[7] ; clk          ; clk         ; 1.000        ; -0.056     ; 2.132      ;
; -1.163 ; uart_rx:uart_rx_inst|sample_cnt[2]  ; uart_rx:uart_rx_inst|rx_data[0] ; clk          ; clk         ; 1.000        ; -0.056     ; 2.102      ;
; -1.163 ; uart_rx:uart_rx_inst|sample_cnt[2]  ; uart_rx:uart_rx_inst|rx_data[1] ; clk          ; clk         ; 1.000        ; -0.056     ; 2.102      ;
; -1.163 ; uart_rx:uart_rx_inst|sample_cnt[2]  ; uart_rx:uart_rx_inst|rx_data[2] ; clk          ; clk         ; 1.000        ; -0.056     ; 2.102      ;
; -1.163 ; uart_rx:uart_rx_inst|sample_cnt[2]  ; uart_rx:uart_rx_inst|rx_data[3] ; clk          ; clk         ; 1.000        ; -0.056     ; 2.102      ;
; -1.163 ; uart_rx:uart_rx_inst|sample_cnt[2]  ; uart_rx:uart_rx_inst|rx_data[4] ; clk          ; clk         ; 1.000        ; -0.056     ; 2.102      ;
; -1.163 ; uart_rx:uart_rx_inst|sample_cnt[2]  ; uart_rx:uart_rx_inst|rx_data[5] ; clk          ; clk         ; 1.000        ; -0.056     ; 2.102      ;
; -1.163 ; uart_rx:uart_rx_inst|sample_cnt[2]  ; uart_rx:uart_rx_inst|rx_data[6] ; clk          ; clk         ; 1.000        ; -0.056     ; 2.102      ;
; -1.163 ; uart_rx:uart_rx_inst|sample_cnt[2]  ; uart_rx:uart_rx_inst|rx_data[7] ; clk          ; clk         ; 1.000        ; -0.056     ; 2.102      ;
; -1.161 ; baud_gen:baud_gen_inst|cnt[0]       ; baud_gen:baud_gen_inst|cnt[12]  ; clk          ; clk         ; 1.000        ; -0.384     ; 1.772      ;
; -1.155 ; baud_gen:baud_gen_inst|cnt[0]       ; baud_gen:baud_gen_inst|cnt[3]   ; clk          ; clk         ; 1.000        ; -0.384     ; 1.766      ;
; -1.142 ; baud_gen:baud_gen_inst|cnt[0]       ; baud_gen:baud_gen_inst|cnt[11]  ; clk          ; clk         ; 1.000        ; -0.384     ; 1.753      ;
; -1.140 ; baud_gen:baud_gen_inst|cnt[1]       ; baud_gen:baud_gen_inst|cnt[4]   ; clk          ; clk         ; 1.000        ; -0.057     ; 2.078      ;
; -1.136 ; uart_rx:uart_rx_inst|rx_data_reg[0] ; uart_rx:uart_rx_inst|rx_data[0] ; clk          ; clk         ; 1.000        ; -0.056     ; 2.075      ;
; -1.136 ; uart_rx:uart_rx_inst|rx_data_reg[0] ; uart_rx:uart_rx_inst|rx_data[1] ; clk          ; clk         ; 1.000        ; -0.056     ; 2.075      ;
; -1.136 ; uart_rx:uart_rx_inst|rx_data_reg[0] ; uart_rx:uart_rx_inst|rx_data[2] ; clk          ; clk         ; 1.000        ; -0.056     ; 2.075      ;
; -1.136 ; uart_rx:uart_rx_inst|rx_data_reg[0] ; uart_rx:uart_rx_inst|rx_data[3] ; clk          ; clk         ; 1.000        ; -0.056     ; 2.075      ;
; -1.136 ; uart_rx:uart_rx_inst|rx_data_reg[0] ; uart_rx:uart_rx_inst|rx_data[4] ; clk          ; clk         ; 1.000        ; -0.056     ; 2.075      ;
; -1.136 ; uart_rx:uart_rx_inst|rx_data_reg[0] ; uart_rx:uart_rx_inst|rx_data[5] ; clk          ; clk         ; 1.000        ; -0.056     ; 2.075      ;
; -1.136 ; uart_rx:uart_rx_inst|rx_data_reg[0] ; uart_rx:uart_rx_inst|rx_data[6] ; clk          ; clk         ; 1.000        ; -0.056     ; 2.075      ;
; -1.136 ; uart_rx:uart_rx_inst|rx_data_reg[0] ; uart_rx:uart_rx_inst|rx_data[7] ; clk          ; clk         ; 1.000        ; -0.056     ; 2.075      ;
; -1.123 ; uart_rx:uart_rx_inst|rx_data_reg[7] ; uart_rx:uart_rx_inst|rx_data[0] ; clk          ; clk         ; 1.000        ; -0.056     ; 2.062      ;
; -1.123 ; uart_rx:uart_rx_inst|rx_data_reg[7] ; uart_rx:uart_rx_inst|rx_data[1] ; clk          ; clk         ; 1.000        ; -0.056     ; 2.062      ;
; -1.123 ; uart_rx:uart_rx_inst|rx_data_reg[7] ; uart_rx:uart_rx_inst|rx_data[2] ; clk          ; clk         ; 1.000        ; -0.056     ; 2.062      ;
; -1.123 ; uart_rx:uart_rx_inst|rx_data_reg[7] ; uart_rx:uart_rx_inst|rx_data[3] ; clk          ; clk         ; 1.000        ; -0.056     ; 2.062      ;
; -1.123 ; uart_rx:uart_rx_inst|rx_data_reg[7] ; uart_rx:uart_rx_inst|rx_data[4] ; clk          ; clk         ; 1.000        ; -0.056     ; 2.062      ;
; -1.123 ; uart_rx:uart_rx_inst|rx_data_reg[7] ; uart_rx:uart_rx_inst|rx_data[5] ; clk          ; clk         ; 1.000        ; -0.056     ; 2.062      ;
; -1.123 ; uart_rx:uart_rx_inst|rx_data_reg[7] ; uart_rx:uart_rx_inst|rx_data[6] ; clk          ; clk         ; 1.000        ; -0.056     ; 2.062      ;
; -1.123 ; uart_rx:uart_rx_inst|rx_data_reg[7] ; uart_rx:uart_rx_inst|rx_data[7] ; clk          ; clk         ; 1.000        ; -0.056     ; 2.062      ;
; -1.112 ; uart_rx:uart_rx_inst|state.IDLE     ; uart_rx:uart_rx_inst|bit_cnt[0] ; clk          ; clk         ; 1.000        ; -0.057     ; 2.050      ;
; -1.112 ; uart_rx:uart_rx_inst|state.IDLE     ; uart_rx:uart_rx_inst|bit_cnt[1] ; clk          ; clk         ; 1.000        ; -0.057     ; 2.050      ;
; -1.112 ; uart_rx:uart_rx_inst|state.IDLE     ; uart_rx:uart_rx_inst|bit_cnt[2] ; clk          ; clk         ; 1.000        ; -0.057     ; 2.050      ;
; -1.112 ; uart_rx:uart_rx_inst|state.IDLE     ; uart_rx:uart_rx_inst|bit_cnt[3] ; clk          ; clk         ; 1.000        ; -0.057     ; 2.050      ;
; -1.102 ; baud_gen:baud_gen_inst|cnt[1]       ; baud_gen:baud_gen_inst|cnt[14]  ; clk          ; clk         ; 1.000        ; -0.057     ; 2.040      ;
; -1.089 ; baud_gen:baud_gen_inst|cnt[9]       ; baud_gen:baud_gen_inst|cnt[0]   ; clk          ; clk         ; 1.000        ; 0.256      ; 2.340      ;
; -1.087 ; uart_rx:uart_rx_inst|rx_ready       ; uart_rx:uart_rx_inst|bit_cnt[0] ; clk          ; clk         ; 1.000        ; -0.057     ; 2.025      ;
; -1.087 ; uart_rx:uart_rx_inst|rx_ready       ; uart_rx:uart_rx_inst|bit_cnt[1] ; clk          ; clk         ; 1.000        ; -0.057     ; 2.025      ;
; -1.087 ; uart_rx:uart_rx_inst|rx_ready       ; uart_rx:uart_rx_inst|bit_cnt[2] ; clk          ; clk         ; 1.000        ; -0.057     ; 2.025      ;
; -1.087 ; uart_rx:uart_rx_inst|rx_ready       ; uart_rx:uart_rx_inst|bit_cnt[3] ; clk          ; clk         ; 1.000        ; -0.057     ; 2.025      ;
; -1.084 ; baud_gen:baud_gen_inst|cnt[1]       ; baud_gen:baud_gen_inst|cnt[15]  ; clk          ; clk         ; 1.000        ; -0.057     ; 2.022      ;
; -1.083 ; baud_gen:baud_gen_inst|cnt[9]       ; baud_gen:baud_gen_inst|cnt[3]   ; clk          ; clk         ; 1.000        ; -0.057     ; 2.021      ;
; -1.082 ; baud_gen:baud_gen_inst|cnt[11]      ; baud_gen:baud_gen_inst|cnt[0]   ; clk          ; clk         ; 1.000        ; 0.256      ; 2.333      ;
; -1.077 ; uart_rx:uart_rx_inst|rx_data_reg[3] ; uart_rx:uart_rx_inst|rx_valid   ; clk          ; clk         ; 1.000        ; -0.056     ; 2.016      ;
; -1.076 ; baud_gen:baud_gen_inst|cnt[11]      ; baud_gen:baud_gen_inst|cnt[3]   ; clk          ; clk         ; 1.000        ; -0.057     ; 2.014      ;
; -1.075 ; baud_gen:baud_gen_inst|cnt[15]      ; baud_gen:baud_gen_inst|cnt[0]   ; clk          ; clk         ; 1.000        ; 0.256      ; 2.326      ;
; -1.074 ; baud_gen:baud_gen_inst|cnt[13]      ; baud_gen:baud_gen_inst|cnt[0]   ; clk          ; clk         ; 1.000        ; 0.256      ; 2.325      ;
; -1.069 ; baud_gen:baud_gen_inst|cnt[15]      ; baud_gen:baud_gen_inst|cnt[3]   ; clk          ; clk         ; 1.000        ; -0.057     ; 2.007      ;
; -1.068 ; baud_gen:baud_gen_inst|cnt[13]      ; baud_gen:baud_gen_inst|cnt[3]   ; clk          ; clk         ; 1.000        ; -0.057     ; 2.006      ;
+--------+-------------------------------------+---------------------------------+--------------+-------------+--------------+------------+------------+


+---------------------------------------------------------------------------------------------------------------------------------------------------------------------+
; Slow 1200mV 0C Model Hold: 'clk'                                                                                                                                    ;
+-------+-------------------------------------------+-------------------------------------------+--------------+-------------+--------------+------------+------------+
; Slack ; From Node                                 ; To Node                                   ; Launch Clock ; Latch Clock ; Relationship ; Clock Skew ; Data Delay ;
+-------+-------------------------------------------+-------------------------------------------+--------------+-------------+--------------+------------+------------+
; 0.297 ; baud_gen:baud_gen_inst|baud_clk           ; baud_gen:baud_gen_inst|baud_clk           ; clk          ; clk         ; 0.000        ; 0.070      ; 0.511      ;
; 0.310 ; uart_rx:uart_rx_inst|rx_ready             ; uart_rx:uart_rx_inst|rx_ready             ; clk          ; clk         ; 0.000        ; 0.057      ; 0.511      ;
; 0.310 ; uart_rx:uart_rx_inst|bit_cnt[1]           ; uart_rx:uart_rx_inst|bit_cnt[1]           ; clk          ; clk         ; 0.000        ; 0.057      ; 0.511      ;
; 0.310 ; uart_rx:uart_rx_inst|bit_cnt[2]           ; uart_rx:uart_rx_inst|bit_cnt[2]           ; clk          ; clk         ; 0.000        ; 0.057      ; 0.511      ;
; 0.310 ; uart_rx:uart_rx_inst|bit_cnt[3]           ; uart_rx:uart_rx_inst|bit_cnt[3]           ; clk          ; clk         ; 0.000        ; 0.057      ; 0.511      ;
; 0.310 ; uart_tx:uart_tx_inst|bit_cnt[2]           ; uart_tx:uart_tx_inst|bit_cnt[2]           ; clk          ; clk         ; 0.000        ; 0.057      ; 0.511      ;
; 0.310 ; uart_tx:uart_tx_inst|bit_cnt[1]           ; uart_tx:uart_tx_inst|bit_cnt[1]           ; clk          ; clk         ; 0.000        ; 0.057      ; 0.511      ;
; 0.310 ; uart_tx:uart_tx_inst|tx_done              ; uart_tx:uart_tx_inst|tx_done              ; clk          ; clk         ; 0.000        ; 0.057      ; 0.511      ;
; 0.311 ; uart_rx:uart_rx_inst|sample_cnt[2]        ; uart_rx:uart_rx_inst|sample_cnt[2]        ; clk          ; clk         ; 0.000        ; 0.056      ; 0.511      ;
; 0.311 ; uart_rx:uart_rx_inst|sample_cnt[3]        ; uart_rx:uart_rx_inst|sample_cnt[3]        ; clk          ; clk         ; 0.000        ; 0.056      ; 0.511      ;
; 0.311 ; uart_rx:uart_rx_inst|sample_cnt[1]        ; uart_rx:uart_rx_inst|sample_cnt[1]        ; clk          ; clk         ; 0.000        ; 0.056      ; 0.511      ;
; 0.311 ; uart_rx:uart_rx_inst|rx_data_reg[2]       ; uart_rx:uart_rx_inst|rx_data_reg[2]       ; clk          ; clk         ; 0.000        ; 0.056      ; 0.511      ;
; 0.311 ; uart_rx:uart_rx_inst|rx_data_reg[0]       ; uart_rx:uart_rx_inst|rx_data_reg[0]       ; clk          ; clk         ; 0.000        ; 0.056      ; 0.511      ;
; 0.311 ; uart_rx:uart_rx_inst|rx_data_reg[1]       ; uart_rx:uart_rx_inst|rx_data_reg[1]       ; clk          ; clk         ; 0.000        ; 0.056      ; 0.511      ;
; 0.311 ; uart_rx:uart_rx_inst|rx_data_reg[3]       ; uart_rx:uart_rx_inst|rx_data_reg[3]       ; clk          ; clk         ; 0.000        ; 0.056      ; 0.511      ;
; 0.311 ; uart_rx:uart_rx_inst|rx_data_reg[6]       ; uart_rx:uart_rx_inst|rx_data_reg[6]       ; clk          ; clk         ; 0.000        ; 0.056      ; 0.511      ;
; 0.311 ; uart_rx:uart_rx_inst|rx_data_reg[7]       ; uart_rx:uart_rx_inst|rx_data_reg[7]       ; clk          ; clk         ; 0.000        ; 0.056      ; 0.511      ;
; 0.311 ; uart_rx:uart_rx_inst|rx_data_reg[4]       ; uart_rx:uart_rx_inst|rx_data_reg[4]       ; clk          ; clk         ; 0.000        ; 0.056      ; 0.511      ;
; 0.311 ; uart_rx:uart_rx_inst|rx_data_reg[5]       ; uart_rx:uart_rx_inst|rx_data_reg[5]       ; clk          ; clk         ; 0.000        ; 0.056      ; 0.511      ;
; 0.311 ; uart_rx:uart_rx_inst|stop_bit             ; uart_rx:uart_rx_inst|stop_bit             ; clk          ; clk         ; 0.000        ; 0.056      ; 0.511      ;
; 0.311 ; uart_rx:uart_rx_inst|parity_bit           ; uart_rx:uart_rx_inst|parity_bit           ; clk          ; clk         ; 0.000        ; 0.056      ; 0.511      ;
; 0.318 ; uart_rx:uart_rx_inst|bit_cnt[0]           ; uart_rx:uart_rx_inst|bit_cnt[0]           ; clk          ; clk         ; 0.000        ; 0.057      ; 0.519      ;
; 0.318 ; uart_tx:uart_tx_inst|bit_cnt[0]           ; uart_tx:uart_tx_inst|bit_cnt[0]           ; clk          ; clk         ; 0.000        ; 0.057      ; 0.519      ;
; 0.319 ; uart_rx:uart_rx_inst|sample_cnt[0]        ; uart_rx:uart_rx_inst|sample_cnt[0]        ; clk          ; clk         ; 0.000        ; 0.056      ; 0.519      ;
; 0.335 ; uart_rx:uart_rx_inst|next_state.STOP_CHK  ; uart_rx:uart_rx_inst|state.STOP_CHK       ; clk          ; clk         ; 0.000        ; 0.057      ; 0.536      ;
; 0.342 ; uart_rx:uart_rx_inst|rx_data_reg[6]       ; uart_rx:uart_rx_inst|rx_data[6]           ; clk          ; clk         ; 0.000        ; 0.056      ; 0.542      ;
; 0.344 ; uart_rx:uart_rx_inst|rx_data_reg[4]       ; uart_rx:uart_rx_inst|rx_data[4]           ; clk          ; clk         ; 0.000        ; 0.056      ; 0.544      ;
; 0.356 ; uart_tx:uart_tx_inst|bit_cnt[1]           ; uart_tx:uart_tx_inst|bit_cnt[2]           ; clk          ; clk         ; 0.000        ; 0.057      ; 0.557      ;
; 0.384 ; uart_rx:uart_rx_inst|state.IDLE           ; uart_rx:uart_rx_inst|bit_cnt[2]           ; clk          ; clk         ; 0.000        ; 0.057      ; 0.585      ;
; 0.386 ; uart_rx:uart_rx_inst|state.IDLE           ; uart_rx:uart_rx_inst|bit_cnt[1]           ; clk          ; clk         ; 0.000        ; 0.057      ; 0.587      ;
; 0.386 ; uart_rx:uart_rx_inst|state.IDLE           ; uart_rx:uart_rx_inst|bit_cnt[3]           ; clk          ; clk         ; 0.000        ; 0.057      ; 0.587      ;
; 0.386 ; uart_rx:uart_rx_inst|state.IDLE           ; uart_rx:uart_rx_inst|bit_cnt[0]           ; clk          ; clk         ; 0.000        ; 0.057      ; 0.587      ;
; 0.455 ; baud_gen:baud_gen_inst|cnt[15]            ; baud_gen:baud_gen_inst|cnt[15]            ; clk          ; clk         ; 0.000        ; 0.057      ; 0.656      ;
; 0.466 ; uart_tx:uart_tx_inst|next_state.PARITY    ; uart_tx:uart_tx_inst|state.PARITY         ; clk          ; clk         ; 0.000        ; 0.058      ; 0.668      ;
; 0.466 ; uart_tx:uart_tx_inst|next_state.DATA      ; uart_tx:uart_tx_inst|state.DATA           ; clk          ; clk         ; 0.000        ; 0.058      ; 0.668      ;
; 0.468 ; uart_rx:uart_rx_inst|rx_data_reg[7]       ; uart_rx:uart_rx_inst|rx_data[7]           ; clk          ; clk         ; 0.000        ; 0.056      ; 0.668      ;
; 0.471 ; uart_tx:uart_tx_inst|next_state.STOP      ; uart_tx:uart_tx_inst|state.STOP           ; clk          ; clk         ; 0.000        ; 0.057      ; 0.672      ;
; 0.477 ; uart_rx:uart_rx_inst|rx_data_reg[2]       ; uart_rx:uart_rx_inst|rx_data[2]           ; clk          ; clk         ; 0.000        ; 0.056      ; 0.677      ;
; 0.477 ; uart_rx:uart_rx_inst|rx_data_reg[5]       ; uart_rx:uart_rx_inst|rx_data[5]           ; clk          ; clk         ; 0.000        ; 0.056      ; 0.677      ;
; 0.480 ; uart_tx:uart_tx_inst|state.START          ; uart_tx:uart_tx_inst|next_state.START     ; clk          ; clk         ; 0.000        ; 0.057      ; 0.681      ;
; 0.480 ; uart_tx:uart_tx_inst|state.START          ; uart_tx:uart_tx_inst|next_state.DATA      ; clk          ; clk         ; 0.000        ; 0.057      ; 0.681      ;
; 0.483 ; uart_tx:uart_tx_inst|state.IDLE           ; uart_tx:uart_tx_inst|tx_done              ; clk          ; clk         ; 0.000        ; 0.057      ; 0.684      ;
; 0.486 ; uart_tx:uart_tx_inst|next_state.START     ; uart_tx:uart_tx_inst|state.START          ; clk          ; clk         ; 0.000        ; 0.058      ; 0.688      ;
; 0.490 ; uart_rx:uart_rx_inst|rx_data_reg[3]       ; uart_rx:uart_rx_inst|rx_data[3]           ; clk          ; clk         ; 0.000        ; 0.056      ; 0.690      ;
; 0.500 ; uart_tx:uart_tx_inst|state.PARITY         ; uart_tx:uart_tx_inst|next_state.STOP      ; clk          ; clk         ; 0.000        ; 0.057      ; 0.701      ;
; 0.502 ; uart_tx:uart_tx_inst|bit_cnt[0]           ; uart_tx:uart_tx_inst|bit_cnt[1]           ; clk          ; clk         ; 0.000        ; 0.057      ; 0.703      ;
; 0.517 ; baud_gen:baud_gen_inst|cnt[5]             ; baud_gen:baud_gen_inst|cnt[5]             ; clk          ; clk         ; 0.000        ; 0.057      ; 0.718      ;
; 0.517 ; baud_gen:baud_gen_inst|cnt[11]            ; baud_gen:baud_gen_inst|cnt[11]            ; clk          ; clk         ; 0.000        ; 0.057      ; 0.718      ;
; 0.517 ; baud_gen:baud_gen_inst|cnt[13]            ; baud_gen:baud_gen_inst|cnt[13]            ; clk          ; clk         ; 0.000        ; 0.057      ; 0.718      ;
; 0.518 ; baud_gen:baud_gen_inst|cnt[2]             ; baud_gen:baud_gen_inst|cnt[2]             ; clk          ; clk         ; 0.000        ; 0.057      ; 0.719      ;
; 0.518 ; baud_gen:baud_gen_inst|cnt[6]             ; baud_gen:baud_gen_inst|cnt[6]             ; clk          ; clk         ; 0.000        ; 0.057      ; 0.719      ;
; 0.518 ; baud_gen:baud_gen_inst|cnt[7]             ; baud_gen:baud_gen_inst|cnt[7]             ; clk          ; clk         ; 0.000        ; 0.057      ; 0.719      ;
; 0.518 ; baud_gen:baud_gen_inst|cnt[9]             ; baud_gen:baud_gen_inst|cnt[9]             ; clk          ; clk         ; 0.000        ; 0.057      ; 0.719      ;
; 0.519 ; baud_gen:baud_gen_inst|cnt[14]            ; baud_gen:baud_gen_inst|cnt[14]            ; clk          ; clk         ; 0.000        ; 0.057      ; 0.720      ;
; 0.520 ; baud_gen:baud_gen_inst|cnt[8]             ; baud_gen:baud_gen_inst|cnt[8]             ; clk          ; clk         ; 0.000        ; 0.057      ; 0.721      ;
; 0.520 ; baud_gen:baud_gen_inst|cnt[10]            ; baud_gen:baud_gen_inst|cnt[10]            ; clk          ; clk         ; 0.000        ; 0.057      ; 0.721      ;
; 0.520 ; baud_gen:baud_gen_inst|cnt[12]            ; baud_gen:baud_gen_inst|cnt[12]            ; clk          ; clk         ; 0.000        ; 0.057      ; 0.721      ;
; 0.525 ; uart_rx:uart_rx_inst|sample_cnt[1]        ; uart_rx:uart_rx_inst|sample_cnt[2]        ; clk          ; clk         ; 0.000        ; 0.056      ; 0.725      ;
; 0.526 ; uart_rx:uart_rx_inst|sample_cnt[0]        ; uart_rx:uart_rx_inst|sample_cnt[2]        ; clk          ; clk         ; 0.000        ; 0.056      ; 0.726      ;
; 0.527 ; uart_rx:uart_rx_inst|bit_cnt[2]           ; uart_rx:uart_rx_inst|bit_cnt[3]           ; clk          ; clk         ; 0.000        ; 0.057      ; 0.728      ;
; 0.527 ; uart_rx:uart_rx_inst|sample_cnt[0]        ; uart_rx:uart_rx_inst|sample_cnt[1]        ; clk          ; clk         ; 0.000        ; 0.056      ; 0.727      ;
; 0.530 ; uart_tx:uart_tx_inst|state.STOP           ; uart_tx:uart_tx_inst|tx_done              ; clk          ; clk         ; 0.000        ; 0.057      ; 0.731      ;
; 0.534 ; uart_rx:uart_rx_inst|state.STOP_CHK       ; uart_rx:uart_rx_inst|next_state.STOP_CHK  ; clk          ; clk         ; 0.000        ; 0.057      ; 0.735      ;
; 0.543 ; uart_tx:uart_tx_inst|state.STOP           ; uart_tx:uart_tx_inst|tx                   ; clk          ; clk         ; 0.000        ; 0.057      ; 0.744      ;
; 0.546 ; uart_rx:uart_rx_inst|bit_cnt[1]           ; uart_rx:uart_rx_inst|bit_cnt[2]           ; clk          ; clk         ; 0.000        ; 0.057      ; 0.747      ;
; 0.551 ; uart_rx:uart_rx_inst|state.STOP_CHK       ; uart_rx:uart_rx_inst|rx_valid             ; clk          ; clk         ; 0.000        ; 0.057      ; 0.752      ;
; 0.552 ; uart_rx:uart_rx_inst|bit_cnt[0]           ; uart_rx:uart_rx_inst|bit_cnt[1]           ; clk          ; clk         ; 0.000        ; 0.057      ; 0.753      ;
; 0.555 ; uart_rx:uart_rx_inst|bit_cnt[0]           ; uart_rx:uart_rx_inst|bit_cnt[2]           ; clk          ; clk         ; 0.000        ; 0.057      ; 0.756      ;
; 0.592 ; uart_tx:uart_tx_inst|next_state.IDLE      ; uart_tx:uart_tx_inst|state.IDLE           ; clk          ; clk         ; 0.000        ; 0.057      ; 0.793      ;
; 0.592 ; uart_tx:uart_tx_inst|state.DATA           ; uart_tx:uart_tx_inst|next_state.DATA      ; clk          ; clk         ; 0.000        ; 0.057      ; 0.793      ;
; 0.594 ; uart_tx:uart_tx_inst|state.DATA           ; uart_tx:uart_tx_inst|next_state.PARITY    ; clk          ; clk         ; 0.000        ; 0.057      ; 0.795      ;
; 0.603 ; uart_tx:uart_tx_inst|state.STOP           ; uart_tx:uart_tx_inst|next_state.IDLE      ; clk          ; clk         ; 0.000        ; 0.057      ; 0.804      ;
; 0.611 ; uart_tx:uart_tx_inst|state.STOP           ; uart_tx:uart_tx_inst|next_state.STOP      ; clk          ; clk         ; 0.000        ; 0.057      ; 0.812      ;
; 0.620 ; uart_rx:uart_rx_inst|next_state.IDLE      ; uart_rx:uart_rx_inst|state.IDLE           ; clk          ; clk         ; 0.000        ; 0.056      ; 0.820      ;
; 0.621 ; uart_tx:uart_tx_inst|state.IDLE           ; uart_tx:uart_tx_inst|next_state.START     ; clk          ; clk         ; 0.000        ; 0.057      ; 0.822      ;
; 0.622 ; uart_rx:uart_rx_inst|next_state.START_DET ; uart_rx:uart_rx_inst|state.START_DET      ; clk          ; clk         ; 0.000        ; 0.056      ; 0.822      ;
; 0.623 ; uart_rx:uart_rx_inst|state.IDLE           ; uart_rx:uart_rx_inst|next_state.IDLE      ; clk          ; clk         ; 0.000        ; 0.057      ; 0.824      ;
; 0.626 ; uart_rx:uart_rx_inst|sample_cnt[1]        ; uart_rx:uart_rx_inst|sample_cnt[3]        ; clk          ; clk         ; 0.000        ; 0.056      ; 0.826      ;
; 0.637 ; uart_tx:uart_tx_inst|bit_cnt[2]           ; uart_tx:uart_tx_inst|next_state.PARITY    ; clk          ; clk         ; 0.000        ; 0.057      ; 0.838      ;
; 0.667 ; uart_rx:uart_rx_inst|state.START_DET      ; uart_rx:uart_rx_inst|next_state.START_DET ; clk          ; clk         ; 0.000        ; 0.057      ; 0.868      ;
; 0.668 ; uart_rx:uart_rx_inst|state.STOP_CHK       ; uart_rx:uart_rx_inst|stop_bit             ; clk          ; clk         ; 0.000        ; 0.056      ; 0.868      ;
; 0.671 ; uart_tx:uart_tx_inst|parity_bit           ; uart_tx:uart_tx_inst|tx                   ; clk          ; clk         ; 0.000        ; 0.057      ; 0.872      ;
; 0.674 ; uart_tx:uart_tx_inst|bit_cnt[0]           ; uart_tx:uart_tx_inst|bit_cnt[2]           ; clk          ; clk         ; 0.000        ; 0.057      ; 0.875      ;
; 0.686 ; uart_tx:uart_tx_inst|state.PARITY         ; uart_tx:uart_tx_inst|next_state.PARITY    ; clk          ; clk         ; 0.000        ; 0.057      ; 0.887      ;
; 0.694 ; uart_rx:uart_rx_inst|state.IDLE           ; uart_rx:uart_rx_inst|sample_cnt[3]        ; clk          ; clk         ; 0.000        ; 0.057      ; 0.895      ;
; 0.695 ; uart_rx:uart_rx_inst|state.IDLE           ; uart_rx:uart_rx_inst|sample_cnt[0]        ; clk          ; clk         ; 0.000        ; 0.057      ; 0.896      ;
; 0.708 ; uart_rx:uart_rx_inst|sample_cnt[2]        ; uart_rx:uart_rx_inst|sample_cnt[3]        ; clk          ; clk         ; 0.000        ; 0.056      ; 0.908      ;
; 0.709 ; uart_tx:uart_tx_inst|state.IDLE           ; uart_tx:uart_tx_inst|bit_cnt[3]           ; clk          ; clk         ; 0.000        ; 0.057      ; 0.910      ;
; 0.709 ; uart_tx:uart_tx_inst|state.IDLE           ; uart_tx:uart_tx_inst|bit_cnt[0]           ; clk          ; clk         ; 0.000        ; 0.057      ; 0.910      ;
; 0.711 ; uart_tx:uart_tx_inst|state.IDLE           ; uart_tx:uart_tx_inst|bit_cnt[2]           ; clk          ; clk         ; 0.000        ; 0.057      ; 0.912      ;
; 0.712 ; uart_tx:uart_tx_inst|state.IDLE           ; uart_tx:uart_tx_inst|bit_cnt[1]           ; clk          ; clk         ; 0.000        ; 0.057      ; 0.913      ;
; 0.715 ; uart_tx:uart_tx_inst|bit_cnt[3]           ; uart_tx:uart_tx_inst|next_state.PARITY    ; clk          ; clk         ; 0.000        ; 0.057      ; 0.916      ;
; 0.722 ; uart_tx:uart_tx_inst|state.IDLE           ; uart_tx:uart_tx_inst|next_state.IDLE      ; clk          ; clk         ; 0.000        ; 0.057      ; 0.923      ;
; 0.722 ; uart_tx:uart_tx_inst|bit_cnt[2]           ; uart_tx:uart_tx_inst|bit_cnt[3]           ; clk          ; clk         ; 0.000        ; 0.057      ; 0.923      ;
; 0.727 ; uart_rx:uart_rx_inst|rx_reg               ; uart_rx:uart_rx_inst|rx_data_reg[3]       ; clk          ; clk         ; 0.000        ; 0.057      ; 0.928      ;
; 0.729 ; uart_rx:uart_rx_inst|rx_reg               ; uart_rx:uart_rx_inst|rx_data_reg[2]       ; clk          ; clk         ; 0.000        ; 0.057      ; 0.930      ;
; 0.732 ; uart_rx:uart_rx_inst|rx_reg               ; uart_rx:uart_rx_inst|rx_data_reg[0]       ; clk          ; clk         ; 0.000        ; 0.057      ; 0.933      ;
; 0.733 ; uart_rx:uart_rx_inst|rx_reg               ; uart_rx:uart_rx_inst|rx_data_reg[1]       ; clk          ; clk         ; 0.000        ; 0.057      ; 0.934      ;
; 0.734 ; uart_rx:uart_rx_inst|rx_data_reg[1]       ; uart_rx:uart_rx_inst|rx_data[1]           ; clk          ; clk         ; 0.000        ; 0.056      ; 0.934      ;
; 0.759 ; uart_rx:uart_rx_inst|rx_reg               ; uart_rx:uart_rx_inst|next_state.IDLE      ; clk          ; clk         ; 0.000        ; 0.057      ; 0.960      ;
+-------+-------------------------------------------+-------------------------------------------+--------------+-------------+--------------+------------+------------+


+----------------------------------------------------------------------------------------------------------------------------+
; Slow 1200mV 0C Model Minimum Pulse Width: 'clk'                                                                            ;
+--------+--------------+----------------+-----------------+-------+------------+--------------------------------------------+
; Slack  ; Actual Width ; Required Width ; Type            ; Clock ; Clock Edge ; Target                                     ;
+--------+--------------+----------------+-----------------+-------+------------+--------------------------------------------+
; -3.000 ; 1.000        ; 4.000          ; Port Rate       ; clk   ; Rise       ; clk                                        ;
; -1.000 ; 1.000        ; 2.000          ; Min Period      ; clk   ; Rise       ; baud_gen:baud_gen_inst|baud_clk            ;
; -1.000 ; 1.000        ; 2.000          ; Min Period      ; clk   ; Rise       ; baud_gen:baud_gen_inst|cnt[0]              ;
; -1.000 ; 1.000        ; 2.000          ; Min Period      ; clk   ; Rise       ; baud_gen:baud_gen_inst|cnt[10]             ;
; -1.000 ; 1.000        ; 2.000          ; Min Period      ; clk   ; Rise       ; baud_gen:baud_gen_inst|cnt[11]             ;
; -1.000 ; 1.000        ; 2.000          ; Min Period      ; clk   ; Rise       ; baud_gen:baud_gen_inst|cnt[12]             ;
; -1.000 ; 1.000        ; 2.000          ; Min Period      ; clk   ; Rise       ; baud_gen:baud_gen_inst|cnt[13]             ;
; -1.000 ; 1.000        ; 2.000          ; Min Period      ; clk   ; Rise       ; baud_gen:baud_gen_inst|cnt[14]             ;
; -1.000 ; 1.000        ; 2.000          ; Min Period      ; clk   ; Rise       ; baud_gen:baud_gen_inst|cnt[15]             ;
; -1.000 ; 1.000        ; 2.000          ; Min Period      ; clk   ; Rise       ; baud_gen:baud_gen_inst|cnt[1]              ;
; -1.000 ; 1.000        ; 2.000          ; Min Period      ; clk   ; Rise       ; baud_gen:baud_gen_inst|cnt[2]              ;
; -1.000 ; 1.000        ; 2.000          ; Min Period      ; clk   ; Rise       ; baud_gen:baud_gen_inst|cnt[3]              ;
; -1.000 ; 1.000        ; 2.000          ; Min Period      ; clk   ; Rise       ; baud_gen:baud_gen_inst|cnt[4]              ;
; -1.000 ; 1.000        ; 2.000          ; Min Period      ; clk   ; Rise       ; baud_gen:baud_gen_inst|cnt[5]              ;
; -1.000 ; 1.000        ; 2.000          ; Min Period      ; clk   ; Rise       ; baud_gen:baud_gen_inst|cnt[6]              ;
; -1.000 ; 1.000        ; 2.000          ; Min Period      ; clk   ; Rise       ; baud_gen:baud_gen_inst|cnt[7]              ;
; -1.000 ; 1.000        ; 2.000          ; Min Period      ; clk   ; Rise       ; baud_gen:baud_gen_inst|cnt[8]              ;
; -1.000 ; 1.000        ; 2.000          ; Min Period      ; clk   ; Rise       ; baud_gen:baud_gen_inst|cnt[9]              ;
; -1.000 ; 1.000        ; 2.000          ; Min Period      ; clk   ; Rise       ; uart_rx:uart_rx_inst|bit_cnt[0]            ;
; -1.000 ; 1.000        ; 2.000          ; Min Period      ; clk   ; Rise       ; uart_rx:uart_rx_inst|bit_cnt[1]            ;
; -1.000 ; 1.000        ; 2.000          ; Min Period      ; clk   ; Rise       ; uart_rx:uart_rx_inst|bit_cnt[2]            ;
; -1.000 ; 1.000        ; 2.000          ; Min Period      ; clk   ; Rise       ; uart_rx:uart_rx_inst|bit_cnt[3]            ;
; -1.000 ; 1.000        ; 2.000          ; Min Period      ; clk   ; Rise       ; uart_rx:uart_rx_inst|next_state.DATA_RX    ;
; -1.000 ; 1.000        ; 2.000          ; Min Period      ; clk   ; Rise       ; uart_rx:uart_rx_inst|next_state.IDLE       ;
; -1.000 ; 1.000        ; 2.000          ; Min Period      ; clk   ; Rise       ; uart_rx:uart_rx_inst|next_state.PARITY_CHK ;
; -1.000 ; 1.000        ; 2.000          ; Min Period      ; clk   ; Rise       ; uart_rx:uart_rx_inst|next_state.START_DET  ;
; -1.000 ; 1.000        ; 2.000          ; Min Period      ; clk   ; Rise       ; uart_rx:uart_rx_inst|next_state.STOP_CHK   ;
; -1.000 ; 1.000        ; 2.000          ; Min Period      ; clk   ; Rise       ; uart_rx:uart_rx_inst|parity_bit            ;
; -1.000 ; 1.000        ; 2.000          ; Min Period      ; clk   ; Rise       ; uart_rx:uart_rx_inst|rx_data[0]            ;
; -1.000 ; 1.000        ; 2.000          ; Min Period      ; clk   ; Rise       ; uart_rx:uart_rx_inst|rx_data[1]            ;
; -1.000 ; 1.000        ; 2.000          ; Min Period      ; clk   ; Rise       ; uart_rx:uart_rx_inst|rx_data[2]            ;
; -1.000 ; 1.000        ; 2.000          ; Min Period      ; clk   ; Rise       ; uart_rx:uart_rx_inst|rx_data[3]            ;
; -1.000 ; 1.000        ; 2.000          ; Min Period      ; clk   ; Rise       ; uart_rx:uart_rx_inst|rx_data[4]            ;
; -1.000 ; 1.000        ; 2.000          ; Min Period      ; clk   ; Rise       ; uart_rx:uart_rx_inst|rx_data[5]            ;
; -1.000 ; 1.000        ; 2.000          ; Min Period      ; clk   ; Rise       ; uart_rx:uart_rx_inst|rx_data[6]            ;
; -1.000 ; 1.000        ; 2.000          ; Min Period      ; clk   ; Rise       ; uart_rx:uart_rx_inst|rx_data[7]            ;
; -1.000 ; 1.000        ; 2.000          ; Min Period      ; clk   ; Rise       ; uart_rx:uart_rx_inst|rx_data_reg[0]        ;
; -1.000 ; 1.000        ; 2.000          ; Min Period      ; clk   ; Rise       ; uart_rx:uart_rx_inst|rx_data_reg[1]        ;
; -1.000 ; 1.000        ; 2.000          ; Min Period      ; clk   ; Rise       ; uart_rx:uart_rx_inst|rx_data_reg[2]        ;
; -1.000 ; 1.000        ; 2.000          ; Min Period      ; clk   ; Rise       ; uart_rx:uart_rx_inst|rx_data_reg[3]        ;
; -1.000 ; 1.000        ; 2.000          ; Min Period      ; clk   ; Rise       ; uart_rx:uart_rx_inst|rx_data_reg[4]        ;
; -1.000 ; 1.000        ; 2.000          ; Min Period      ; clk   ; Rise       ; uart_rx:uart_rx_inst|rx_data_reg[5]        ;
; -1.000 ; 1.000        ; 2.000          ; Min Period      ; clk   ; Rise       ; uart_rx:uart_rx_inst|rx_data_reg[6]        ;
; -1.000 ; 1.000        ; 2.000          ; Min Period      ; clk   ; Rise       ; uart_rx:uart_rx_inst|rx_data_reg[7]        ;
; -1.000 ; 1.000        ; 2.000          ; Min Period      ; clk   ; Rise       ; uart_rx:uart_rx_inst|rx_ready              ;
; -1.000 ; 1.000        ; 2.000          ; Min Period      ; clk   ; Rise       ; uart_rx:uart_rx_inst|rx_reg                ;
; -1.000 ; 1.000        ; 2.000          ; Min Period      ; clk   ; Rise       ; uart_rx:uart_rx_inst|rx_valid              ;
; -1.000 ; 1.000        ; 2.000          ; Min Period      ; clk   ; Rise       ; uart_rx:uart_rx_inst|sample_cnt[0]         ;
; -1.000 ; 1.000        ; 2.000          ; Min Period      ; clk   ; Rise       ; uart_rx:uart_rx_inst|sample_cnt[1]         ;
; -1.000 ; 1.000        ; 2.000          ; Min Period      ; clk   ; Rise       ; uart_rx:uart_rx_inst|sample_cnt[2]         ;
; -1.000 ; 1.000        ; 2.000          ; Min Period      ; clk   ; Rise       ; uart_rx:uart_rx_inst|sample_cnt[3]         ;
; -1.000 ; 1.000        ; 2.000          ; Min Period      ; clk   ; Rise       ; uart_rx:uart_rx_inst|state.DATA_RX         ;
; -1.000 ; 1.000        ; 2.000          ; Min Period      ; clk   ; Rise       ; uart_rx:uart_rx_inst|state.IDLE            ;
; -1.000 ; 1.000        ; 2.000          ; Min Period      ; clk   ; Rise       ; uart_rx:uart_rx_inst|state.PARITY_CHK      ;
; -1.000 ; 1.000        ; 2.000          ; Min Period      ; clk   ; Rise       ; uart_rx:uart_rx_inst|state.START_DET       ;
; -1.000 ; 1.000        ; 2.000          ; Min Period      ; clk   ; Rise       ; uart_rx:uart_rx_inst|state.STOP_CHK        ;
; -1.000 ; 1.000        ; 2.000          ; Min Period      ; clk   ; Rise       ; uart_rx:uart_rx_inst|stop_bit              ;
; -1.000 ; 1.000        ; 2.000          ; Min Period      ; clk   ; Rise       ; uart_tx:uart_tx_inst|bit_cnt[0]            ;
; -1.000 ; 1.000        ; 2.000          ; Min Period      ; clk   ; Rise       ; uart_tx:uart_tx_inst|bit_cnt[1]            ;
; -1.000 ; 1.000        ; 2.000          ; Min Period      ; clk   ; Rise       ; uart_tx:uart_tx_inst|bit_cnt[2]            ;
; -1.000 ; 1.000        ; 2.000          ; Min Period      ; clk   ; Rise       ; uart_tx:uart_tx_inst|bit_cnt[3]            ;
; -1.000 ; 1.000        ; 2.000          ; Min Period      ; clk   ; Rise       ; uart_tx:uart_tx_inst|next_state.DATA       ;
; -1.000 ; 1.000        ; 2.000          ; Min Period      ; clk   ; Rise       ; uart_tx:uart_tx_inst|next_state.IDLE       ;
; -1.000 ; 1.000        ; 2.000          ; Min Period      ; clk   ; Rise       ; uart_tx:uart_tx_inst|next_state.PARITY     ;
; -1.000 ; 1.000        ; 2.000          ; Min Period      ; clk   ; Rise       ; uart_tx:uart_tx_inst|next_state.START      ;
; -1.000 ; 1.000        ; 2.000          ; Min Period      ; clk   ; Rise       ; uart_tx:uart_tx_inst|next_state.STOP       ;
; -1.000 ; 1.000        ; 2.000          ; Min Period      ; clk   ; Rise       ; uart_tx:uart_tx_inst|parity_bit            ;
; -1.000 ; 1.000        ; 2.000          ; Min Period      ; clk   ; Rise       ; uart_tx:uart_tx_inst|state.DATA            ;
; -1.000 ; 1.000        ; 2.000          ; Min Period      ; clk   ; Rise       ; uart_tx:uart_tx_inst|state.IDLE            ;
; -1.000 ; 1.000        ; 2.000          ; Min Period      ; clk   ; Rise       ; uart_tx:uart_tx_inst|state.PARITY          ;
; -1.000 ; 1.000        ; 2.000          ; Min Period      ; clk   ; Rise       ; uart_tx:uart_tx_inst|state.START           ;
; -1.000 ; 1.000        ; 2.000          ; Min Period      ; clk   ; Rise       ; uart_tx:uart_tx_inst|state.STOP            ;
; -1.000 ; 1.000        ; 2.000          ; Min Period      ; clk   ; Rise       ; uart_tx:uart_tx_inst|tx                    ;
; -1.000 ; 1.000        ; 2.000          ; Min Period      ; clk   ; Rise       ; uart_tx:uart_tx_inst|tx_data_reg[0]        ;
; -1.000 ; 1.000        ; 2.000          ; Min Period      ; clk   ; Rise       ; uart_tx:uart_tx_inst|tx_data_reg[1]        ;
; -1.000 ; 1.000        ; 2.000          ; Min Period      ; clk   ; Rise       ; uart_tx:uart_tx_inst|tx_data_reg[2]        ;
; -1.000 ; 1.000        ; 2.000          ; Min Period      ; clk   ; Rise       ; uart_tx:uart_tx_inst|tx_data_reg[3]        ;
; -1.000 ; 1.000        ; 2.000          ; Min Period      ; clk   ; Rise       ; uart_tx:uart_tx_inst|tx_data_reg[4]        ;
; -1.000 ; 1.000        ; 2.000          ; Min Period      ; clk   ; Rise       ; uart_tx:uart_tx_inst|tx_data_reg[5]        ;
; -1.000 ; 1.000        ; 2.000          ; Min Period      ; clk   ; Rise       ; uart_tx:uart_tx_inst|tx_data_reg[6]        ;
; -1.000 ; 1.000        ; 2.000          ; Min Period      ; clk   ; Rise       ; uart_tx:uart_tx_inst|tx_data_reg[7]        ;
; -1.000 ; 1.000        ; 2.000          ; Min Period      ; clk   ; Rise       ; uart_tx:uart_tx_inst|tx_done               ;
; 0.214  ; 0.398        ; 0.184          ; Low Pulse Width ; clk   ; Rise       ; baud_gen:baud_gen_inst|baud_clk            ;
; 0.214  ; 0.398        ; 0.184          ; Low Pulse Width ; clk   ; Rise       ; baud_gen:baud_gen_inst|cnt[0]              ;
; 0.215  ; 0.399        ; 0.184          ; Low Pulse Width ; clk   ; Rise       ; uart_rx:uart_rx_inst|bit_cnt[0]            ;
; 0.215  ; 0.399        ; 0.184          ; Low Pulse Width ; clk   ; Rise       ; uart_rx:uart_rx_inst|bit_cnt[1]            ;
; 0.215  ; 0.399        ; 0.184          ; Low Pulse Width ; clk   ; Rise       ; uart_rx:uart_rx_inst|bit_cnt[2]            ;
; 0.215  ; 0.399        ; 0.184          ; Low Pulse Width ; clk   ; Rise       ; uart_rx:uart_rx_inst|bit_cnt[3]            ;
; 0.215  ; 0.399        ; 0.184          ; Low Pulse Width ; clk   ; Rise       ; uart_rx:uart_rx_inst|next_state.DATA_RX    ;
; 0.215  ; 0.399        ; 0.184          ; Low Pulse Width ; clk   ; Rise       ; uart_rx:uart_rx_inst|next_state.IDLE       ;
; 0.215  ; 0.399        ; 0.184          ; Low Pulse Width ; clk   ; Rise       ; uart_rx:uart_rx_inst|next_state.PARITY_CHK ;
; 0.215  ; 0.399        ; 0.184          ; Low Pulse Width ; clk   ; Rise       ; uart_rx:uart_rx_inst|next_state.START_DET  ;
; 0.215  ; 0.399        ; 0.184          ; Low Pulse Width ; clk   ; Rise       ; uart_rx:uart_rx_inst|next_state.STOP_CHK   ;
; 0.215  ; 0.399        ; 0.184          ; Low Pulse Width ; clk   ; Rise       ; uart_rx:uart_rx_inst|parity_bit            ;
; 0.215  ; 0.399        ; 0.184          ; Low Pulse Width ; clk   ; Rise       ; uart_rx:uart_rx_inst|rx_data[0]            ;
; 0.215  ; 0.399        ; 0.184          ; Low Pulse Width ; clk   ; Rise       ; uart_rx:uart_rx_inst|rx_data[1]            ;
; 0.215  ; 0.399        ; 0.184          ; Low Pulse Width ; clk   ; Rise       ; uart_rx:uart_rx_inst|rx_data[2]            ;
; 0.215  ; 0.399        ; 0.184          ; Low Pulse Width ; clk   ; Rise       ; uart_rx:uart_rx_inst|rx_data[3]            ;
; 0.215  ; 0.399        ; 0.184          ; Low Pulse Width ; clk   ; Rise       ; uart_rx:uart_rx_inst|rx_data[4]            ;
; 0.215  ; 0.399        ; 0.184          ; Low Pulse Width ; clk   ; Rise       ; uart_rx:uart_rx_inst|rx_data[5]            ;
+--------+--------------+----------------+-----------------+-------+------------+--------------------------------------------+


+-------------------------------------------------------------------------+
; Setup Times                                                             ;
+-------------+------------+-------+-------+------------+-----------------+
; Data Port   ; Clock Port ; Rise  ; Fall  ; Clock Edge ; Clock Reference ;
+-------------+------------+-------+-------+------------+-----------------+
; rst_n       ; clk        ; 0.314 ; 0.436 ; Rise       ; clk             ;
; rx          ; clk        ; 2.296 ; 2.678 ; Rise       ; clk             ;
; tx_data[*]  ; clk        ; 2.866 ; 3.170 ; Rise       ; clk             ;
;  tx_data[0] ; clk        ; 0.994 ; 1.118 ; Rise       ; clk             ;
;  tx_data[1] ; clk        ; 0.632 ; 0.784 ; Rise       ; clk             ;
;  tx_data[2] ; clk        ; 2.262 ; 2.607 ; Rise       ; clk             ;
;  tx_data[3] ; clk        ; 2.066 ; 2.424 ; Rise       ; clk             ;
;  tx_data[4] ; clk        ; 2.681 ; 2.991 ; Rise       ; clk             ;
;  tx_data[5] ; clk        ; 2.503 ; 2.857 ; Rise       ; clk             ;
;  tx_data[6] ; clk        ; 2.866 ; 3.170 ; Rise       ; clk             ;
;  tx_data[7] ; clk        ; 2.391 ; 2.719 ; Rise       ; clk             ;
; tx_en       ; clk        ; 2.492 ; 2.820 ; Rise       ; clk             ;
+-------------+------------+-------+-------+------------+-----------------+


+---------------------------------------------------------------------------+
; Hold Times                                                                ;
+-------------+------------+--------+--------+------------+-----------------+
; Data Port   ; Clock Port ; Rise   ; Fall   ; Clock Edge ; Clock Reference ;
+-------------+------------+--------+--------+------------+-----------------+
; rst_n       ; clk        ; 0.207  ; 0.045  ; Rise       ; clk             ;
; rx          ; clk        ; -1.926 ; -2.299 ; Rise       ; clk             ;
; tx_data[*]  ; clk        ; 0.337  ; 0.200  ; Rise       ; clk             ;
;  tx_data[0] ; clk        ; 0.110  ; -0.023 ; Rise       ; clk             ;
;  tx_data[1] ; clk        ; 0.337  ; 0.200  ; Rise       ; clk             ;
;  tx_data[2] ; clk        ; -1.093 ; -1.441 ; Rise       ; clk             ;
;  tx_data[3] ; clk        ; -1.067 ; -1.403 ; Rise       ; clk             ;
;  tx_data[4] ; clk        ; -1.253 ; -1.582 ; Rise       ; clk             ;
;  tx_data[5] ; clk        ; -1.239 ; -1.569 ; Rise       ; clk             ;
;  tx_data[6] ; clk        ; -1.435 ; -1.749 ; Rise       ; clk             ;
;  tx_data[7] ; clk        ; -1.247 ; -1.575 ; Rise       ; clk             ;
; tx_en       ; clk        ; -1.260 ; -1.588 ; Rise       ; clk             ;
+-------------+------------+--------+--------+------------+-----------------+


+-------------------------------------------------------------------------+
; Clock to Output Times                                                   ;
+-------------+------------+-------+-------+------------+-----------------+
; Data Port   ; Clock Port ; Rise  ; Fall  ; Clock Edge ; Clock Reference ;
+-------------+------------+-------+-------+------------+-----------------+
; rx_data[*]  ; clk        ; 6.028 ; 5.958 ; Rise       ; clk             ;
;  rx_data[0] ; clk        ; 5.856 ; 5.745 ; Rise       ; clk             ;
;  rx_data[1] ; clk        ; 5.507 ; 5.447 ; Rise       ; clk             ;
;  rx_data[2] ; clk        ; 6.028 ; 5.958 ; Rise       ; clk             ;
;  rx_data[3] ; clk        ; 5.730 ; 5.615 ; Rise       ; clk             ;
;  rx_data[4] ; clk        ; 5.497 ; 5.437 ; Rise       ; clk             ;
;  rx_data[5] ; clk        ; 5.476 ; 5.405 ; Rise       ; clk             ;
;  rx_data[6] ; clk        ; 5.849 ; 5.735 ; Rise       ; clk             ;
;  rx_data[7] ; clk        ; 5.459 ; 5.383 ; Rise       ; clk             ;
; rx_valid    ; clk        ; 6.262 ; 6.243 ; Rise       ; clk             ;
; tx          ; clk        ; 5.112 ; 5.201 ; Rise       ; clk             ;
; tx_done     ; clk        ; 5.162 ; 5.075 ; Rise       ; clk             ;
+-------------+------------+-------+-------+------------+-----------------+


+-------------------------------------------------------------------------+
; Minimum Clock to Output Times                                           ;
+-------------+------------+-------+-------+------------+-----------------+
; Data Port   ; Clock Port ; Rise  ; Fall  ; Clock Edge ; Clock Reference ;
+-------------+------------+-------+-------+------------+-----------------+
; rx_data[*]  ; clk        ; 5.278 ; 5.202 ; Rise       ; clk             ;
;  rx_data[0] ; clk        ; 5.665 ; 5.554 ; Rise       ; clk             ;
;  rx_data[1] ; clk        ; 5.325 ; 5.264 ; Rise       ; clk             ;
;  rx_data[2] ; clk        ; 5.830 ; 5.758 ; Rise       ; clk             ;
;  rx_data[3] ; clk        ; 5.543 ; 5.428 ; Rise       ; clk             ;
;  rx_data[4] ; clk        ; 5.315 ; 5.255 ; Rise       ; clk             ;
;  rx_data[5] ; clk        ; 5.295 ; 5.224 ; Rise       ; clk             ;
;  rx_data[6] ; clk        ; 5.659 ; 5.545 ; Rise       ; clk             ;
;  rx_data[7] ; clk        ; 5.278 ; 5.202 ; Rise       ; clk             ;
; rx_valid    ; clk        ; 6.078 ; 6.059 ; Rise       ; clk             ;
; tx          ; clk        ; 4.945 ; 5.036 ; Rise       ; clk             ;
; tx_done     ; clk        ; 4.998 ; 4.910 ; Rise       ; clk             ;
+-------------+------------+-------+-------+------------+-----------------+


---------------------------------------------
; Slow 1200mV 0C Model Metastability Report ;
---------------------------------------------
No synchronizer chains to report.


+------------------------------------+
; Fast 1200mV 0C Model Setup Summary ;
+-------+--------+-------------------+
; Clock ; Slack  ; End Point TNS     ;
+-------+--------+-------------------+
; clk   ; -0.481 ; -13.119           ;
+-------+--------+-------------------+


+-----------------------------------+
; Fast 1200mV 0C Model Hold Summary ;
+-------+-------+-------------------+
; Clock ; Slack ; End Point TNS     ;
+-------+-------+-------------------+
; clk   ; 0.178 ; 0.000             ;
+-------+-------+-------------------+


-----------------------------------------
; Fast 1200mV 0C Model Recovery Summary ;
-----------------------------------------
No paths to report.


----------------------------------------
; Fast 1200mV 0C Model Removal Summary ;
----------------------------------------
No paths to report.


+--------------------------------------------------+
; Fast 1200mV 0C Model Minimum Pulse Width Summary ;
+-------+--------+---------------------------------+
; Clock ; Slack  ; End Point TNS                   ;
+-------+--------+---------------------------------+
; clk   ; -3.000 ; -86.398                         ;
+-------+--------+---------------------------------+


+----------------------------------------------------------------------------------------------------------------------------------------------------------+
; Fast 1200mV 0C Model Setup: 'clk'                                                                                                                        ;
+--------+-------------------------------------+-------------------------------------+--------------+-------------+--------------+------------+------------+
; Slack  ; From Node                           ; To Node                             ; Launch Clock ; Latch Clock ; Relationship ; Clock Skew ; Data Delay ;
+--------+-------------------------------------+-------------------------------------+--------------+-------------+--------------+------------+------------+
; -0.481 ; baud_gen:baud_gen_inst|cnt[0]       ; baud_gen:baud_gen_inst|cnt[15]      ; clk          ; clk         ; 1.000        ; -0.232     ; 1.236      ;
; -0.472 ; uart_rx:uart_rx_inst|rx_data_reg[3] ; uart_rx:uart_rx_inst|rx_data[0]     ; clk          ; clk         ; 1.000        ; -0.036     ; 1.423      ;
; -0.472 ; uart_rx:uart_rx_inst|rx_data_reg[3] ; uart_rx:uart_rx_inst|rx_data[1]     ; clk          ; clk         ; 1.000        ; -0.036     ; 1.423      ;
; -0.472 ; uart_rx:uart_rx_inst|rx_data_reg[3] ; uart_rx:uart_rx_inst|rx_data[2]     ; clk          ; clk         ; 1.000        ; -0.036     ; 1.423      ;
; -0.472 ; uart_rx:uart_rx_inst|rx_data_reg[3] ; uart_rx:uart_rx_inst|rx_data[3]     ; clk          ; clk         ; 1.000        ; -0.036     ; 1.423      ;
; -0.472 ; uart_rx:uart_rx_inst|rx_data_reg[3] ; uart_rx:uart_rx_inst|rx_data[4]     ; clk          ; clk         ; 1.000        ; -0.036     ; 1.423      ;
; -0.472 ; uart_rx:uart_rx_inst|rx_data_reg[3] ; uart_rx:uart_rx_inst|rx_data[5]     ; clk          ; clk         ; 1.000        ; -0.036     ; 1.423      ;
; -0.472 ; uart_rx:uart_rx_inst|rx_data_reg[3] ; uart_rx:uart_rx_inst|rx_data[6]     ; clk          ; clk         ; 1.000        ; -0.036     ; 1.423      ;
; -0.472 ; uart_rx:uart_rx_inst|rx_data_reg[3] ; uart_rx:uart_rx_inst|rx_data[7]     ; clk          ; clk         ; 1.000        ; -0.036     ; 1.423      ;
; -0.438 ; baud_gen:baud_gen_inst|cnt[0]       ; baud_gen:baud_gen_inst|cnt[14]      ; clk          ; clk         ; 1.000        ; -0.232     ; 1.193      ;
; -0.435 ; baud_gen:baud_gen_inst|cnt[0]       ; baud_gen:baud_gen_inst|cnt[4]       ; clk          ; clk         ; 1.000        ; -0.231     ; 1.191      ;
; -0.418 ; baud_gen:baud_gen_inst|cnt[0]       ; baud_gen:baud_gen_inst|cnt[1]       ; clk          ; clk         ; 1.000        ; -0.231     ; 1.174      ;
; -0.413 ; baud_gen:baud_gen_inst|cnt[0]       ; baud_gen:baud_gen_inst|cnt[13]      ; clk          ; clk         ; 1.000        ; -0.232     ; 1.168      ;
; -0.401 ; uart_rx:uart_rx_inst|rx_data_reg[1] ; uart_rx:uart_rx_inst|rx_data[0]     ; clk          ; clk         ; 1.000        ; -0.036     ; 1.352      ;
; -0.401 ; uart_rx:uart_rx_inst|rx_data_reg[1] ; uart_rx:uart_rx_inst|rx_data[1]     ; clk          ; clk         ; 1.000        ; -0.036     ; 1.352      ;
; -0.401 ; uart_rx:uart_rx_inst|rx_data_reg[1] ; uart_rx:uart_rx_inst|rx_data[2]     ; clk          ; clk         ; 1.000        ; -0.036     ; 1.352      ;
; -0.401 ; uart_rx:uart_rx_inst|rx_data_reg[1] ; uart_rx:uart_rx_inst|rx_data[3]     ; clk          ; clk         ; 1.000        ; -0.036     ; 1.352      ;
; -0.401 ; uart_rx:uart_rx_inst|rx_data_reg[1] ; uart_rx:uart_rx_inst|rx_data[4]     ; clk          ; clk         ; 1.000        ; -0.036     ; 1.352      ;
; -0.401 ; uart_rx:uart_rx_inst|rx_data_reg[1] ; uart_rx:uart_rx_inst|rx_data[5]     ; clk          ; clk         ; 1.000        ; -0.036     ; 1.352      ;
; -0.401 ; uart_rx:uart_rx_inst|rx_data_reg[1] ; uart_rx:uart_rx_inst|rx_data[6]     ; clk          ; clk         ; 1.000        ; -0.036     ; 1.352      ;
; -0.401 ; uart_rx:uart_rx_inst|rx_data_reg[1] ; uart_rx:uart_rx_inst|rx_data[7]     ; clk          ; clk         ; 1.000        ; -0.036     ; 1.352      ;
; -0.399 ; uart_rx:uart_rx_inst|rx_data_reg[5] ; uart_rx:uart_rx_inst|rx_data[0]     ; clk          ; clk         ; 1.000        ; -0.036     ; 1.350      ;
; -0.399 ; uart_rx:uart_rx_inst|rx_data_reg[5] ; uart_rx:uart_rx_inst|rx_data[1]     ; clk          ; clk         ; 1.000        ; -0.036     ; 1.350      ;
; -0.399 ; uart_rx:uart_rx_inst|rx_data_reg[5] ; uart_rx:uart_rx_inst|rx_data[2]     ; clk          ; clk         ; 1.000        ; -0.036     ; 1.350      ;
; -0.399 ; uart_rx:uart_rx_inst|rx_data_reg[5] ; uart_rx:uart_rx_inst|rx_data[3]     ; clk          ; clk         ; 1.000        ; -0.036     ; 1.350      ;
; -0.399 ; uart_rx:uart_rx_inst|rx_data_reg[5] ; uart_rx:uart_rx_inst|rx_data[4]     ; clk          ; clk         ; 1.000        ; -0.036     ; 1.350      ;
; -0.399 ; uart_rx:uart_rx_inst|rx_data_reg[5] ; uart_rx:uart_rx_inst|rx_data[5]     ; clk          ; clk         ; 1.000        ; -0.036     ; 1.350      ;
; -0.399 ; uart_rx:uart_rx_inst|rx_data_reg[5] ; uart_rx:uart_rx_inst|rx_data[6]     ; clk          ; clk         ; 1.000        ; -0.036     ; 1.350      ;
; -0.399 ; uart_rx:uart_rx_inst|rx_data_reg[5] ; uart_rx:uart_rx_inst|rx_data[7]     ; clk          ; clk         ; 1.000        ; -0.036     ; 1.350      ;
; -0.394 ; uart_rx:uart_rx_inst|rx_data_reg[4] ; uart_rx:uart_rx_inst|rx_data[0]     ; clk          ; clk         ; 1.000        ; -0.036     ; 1.345      ;
; -0.394 ; uart_rx:uart_rx_inst|rx_data_reg[4] ; uart_rx:uart_rx_inst|rx_data[1]     ; clk          ; clk         ; 1.000        ; -0.036     ; 1.345      ;
; -0.394 ; uart_rx:uart_rx_inst|rx_data_reg[4] ; uart_rx:uart_rx_inst|rx_data[2]     ; clk          ; clk         ; 1.000        ; -0.036     ; 1.345      ;
; -0.394 ; uart_rx:uart_rx_inst|rx_data_reg[4] ; uart_rx:uart_rx_inst|rx_data[3]     ; clk          ; clk         ; 1.000        ; -0.036     ; 1.345      ;
; -0.394 ; uart_rx:uart_rx_inst|rx_data_reg[4] ; uart_rx:uart_rx_inst|rx_data[4]     ; clk          ; clk         ; 1.000        ; -0.036     ; 1.345      ;
; -0.394 ; uart_rx:uart_rx_inst|rx_data_reg[4] ; uart_rx:uart_rx_inst|rx_data[5]     ; clk          ; clk         ; 1.000        ; -0.036     ; 1.345      ;
; -0.394 ; uart_rx:uart_rx_inst|rx_data_reg[4] ; uart_rx:uart_rx_inst|rx_data[6]     ; clk          ; clk         ; 1.000        ; -0.036     ; 1.345      ;
; -0.394 ; uart_rx:uart_rx_inst|rx_data_reg[4] ; uart_rx:uart_rx_inst|rx_data[7]     ; clk          ; clk         ; 1.000        ; -0.036     ; 1.345      ;
; -0.386 ; uart_rx:uart_rx_inst|sample_cnt[1]  ; uart_rx:uart_rx_inst|rx_data[0]     ; clk          ; clk         ; 1.000        ; -0.036     ; 1.337      ;
; -0.386 ; uart_rx:uart_rx_inst|sample_cnt[1]  ; uart_rx:uart_rx_inst|rx_data[1]     ; clk          ; clk         ; 1.000        ; -0.036     ; 1.337      ;
; -0.386 ; uart_rx:uart_rx_inst|sample_cnt[1]  ; uart_rx:uart_rx_inst|rx_data[2]     ; clk          ; clk         ; 1.000        ; -0.036     ; 1.337      ;
; -0.386 ; uart_rx:uart_rx_inst|sample_cnt[1]  ; uart_rx:uart_rx_inst|rx_data[3]     ; clk          ; clk         ; 1.000        ; -0.036     ; 1.337      ;
; -0.386 ; uart_rx:uart_rx_inst|sample_cnt[1]  ; uart_rx:uart_rx_inst|rx_data[4]     ; clk          ; clk         ; 1.000        ; -0.036     ; 1.337      ;
; -0.386 ; uart_rx:uart_rx_inst|sample_cnt[1]  ; uart_rx:uart_rx_inst|rx_data[5]     ; clk          ; clk         ; 1.000        ; -0.036     ; 1.337      ;
; -0.386 ; uart_rx:uart_rx_inst|sample_cnt[1]  ; uart_rx:uart_rx_inst|rx_data[6]     ; clk          ; clk         ; 1.000        ; -0.036     ; 1.337      ;
; -0.386 ; uart_rx:uart_rx_inst|sample_cnt[1]  ; uart_rx:uart_rx_inst|rx_data[7]     ; clk          ; clk         ; 1.000        ; -0.036     ; 1.337      ;
; -0.370 ; baud_gen:baud_gen_inst|cnt[0]       ; baud_gen:baud_gen_inst|cnt[12]      ; clk          ; clk         ; 1.000        ; -0.232     ; 1.125      ;
; -0.360 ; baud_gen:baud_gen_inst|cnt[1]       ; baud_gen:baud_gen_inst|cnt[15]      ; clk          ; clk         ; 1.000        ; -0.038     ; 1.309      ;
; -0.356 ; baud_gen:baud_gen_inst|cnt[1]       ; baud_gen:baud_gen_inst|cnt[14]      ; clk          ; clk         ; 1.000        ; -0.038     ; 1.305      ;
; -0.353 ; uart_rx:uart_rx_inst|sample_cnt[2]  ; uart_rx:uart_rx_inst|rx_data[0]     ; clk          ; clk         ; 1.000        ; -0.036     ; 1.304      ;
; -0.353 ; uart_rx:uart_rx_inst|sample_cnt[2]  ; uart_rx:uart_rx_inst|rx_data[1]     ; clk          ; clk         ; 1.000        ; -0.036     ; 1.304      ;
; -0.353 ; uart_rx:uart_rx_inst|sample_cnt[2]  ; uart_rx:uart_rx_inst|rx_data[2]     ; clk          ; clk         ; 1.000        ; -0.036     ; 1.304      ;
; -0.353 ; uart_rx:uart_rx_inst|sample_cnt[2]  ; uart_rx:uart_rx_inst|rx_data[3]     ; clk          ; clk         ; 1.000        ; -0.036     ; 1.304      ;
; -0.353 ; uart_rx:uart_rx_inst|sample_cnt[2]  ; uart_rx:uart_rx_inst|rx_data[4]     ; clk          ; clk         ; 1.000        ; -0.036     ; 1.304      ;
; -0.353 ; uart_rx:uart_rx_inst|sample_cnt[2]  ; uart_rx:uart_rx_inst|rx_data[5]     ; clk          ; clk         ; 1.000        ; -0.036     ; 1.304      ;
; -0.353 ; uart_rx:uart_rx_inst|sample_cnt[2]  ; uart_rx:uart_rx_inst|rx_data[6]     ; clk          ; clk         ; 1.000        ; -0.036     ; 1.304      ;
; -0.353 ; uart_rx:uart_rx_inst|sample_cnt[2]  ; uart_rx:uart_rx_inst|rx_data[7]     ; clk          ; clk         ; 1.000        ; -0.036     ; 1.304      ;
; -0.353 ; baud_gen:baud_gen_inst|cnt[1]       ; baud_gen:baud_gen_inst|cnt[4]       ; clk          ; clk         ; 1.000        ; -0.037     ; 1.303      ;
; -0.345 ; baud_gen:baud_gen_inst|cnt[0]       ; baud_gen:baud_gen_inst|cnt[11]      ; clk          ; clk         ; 1.000        ; -0.232     ; 1.100      ;
; -0.329 ; uart_rx:uart_rx_inst|sample_cnt[3]  ; uart_rx:uart_rx_inst|rx_data[0]     ; clk          ; clk         ; 1.000        ; -0.036     ; 1.280      ;
; -0.329 ; uart_rx:uart_rx_inst|sample_cnt[3]  ; uart_rx:uart_rx_inst|rx_data[1]     ; clk          ; clk         ; 1.000        ; -0.036     ; 1.280      ;
; -0.329 ; uart_rx:uart_rx_inst|sample_cnt[3]  ; uart_rx:uart_rx_inst|rx_data[2]     ; clk          ; clk         ; 1.000        ; -0.036     ; 1.280      ;
; -0.329 ; uart_rx:uart_rx_inst|sample_cnt[3]  ; uart_rx:uart_rx_inst|rx_data[3]     ; clk          ; clk         ; 1.000        ; -0.036     ; 1.280      ;
; -0.329 ; uart_rx:uart_rx_inst|sample_cnt[3]  ; uart_rx:uart_rx_inst|rx_data[4]     ; clk          ; clk         ; 1.000        ; -0.036     ; 1.280      ;
; -0.329 ; uart_rx:uart_rx_inst|sample_cnt[3]  ; uart_rx:uart_rx_inst|rx_data[5]     ; clk          ; clk         ; 1.000        ; -0.036     ; 1.280      ;
; -0.329 ; uart_rx:uart_rx_inst|sample_cnt[3]  ; uart_rx:uart_rx_inst|rx_data[6]     ; clk          ; clk         ; 1.000        ; -0.036     ; 1.280      ;
; -0.329 ; uart_rx:uart_rx_inst|sample_cnt[3]  ; uart_rx:uart_rx_inst|rx_data[7]     ; clk          ; clk         ; 1.000        ; -0.036     ; 1.280      ;
; -0.321 ; baud_gen:baud_gen_inst|cnt[0]       ; baud_gen:baud_gen_inst|cnt[3]       ; clk          ; clk         ; 1.000        ; -0.231     ; 1.077      ;
; -0.312 ; uart_rx:uart_rx_inst|rx_data_reg[0] ; uart_rx:uart_rx_inst|rx_data[0]     ; clk          ; clk         ; 1.000        ; -0.036     ; 1.263      ;
; -0.312 ; uart_rx:uart_rx_inst|rx_data_reg[0] ; uart_rx:uart_rx_inst|rx_data[1]     ; clk          ; clk         ; 1.000        ; -0.036     ; 1.263      ;
; -0.312 ; uart_rx:uart_rx_inst|rx_data_reg[0] ; uart_rx:uart_rx_inst|rx_data[2]     ; clk          ; clk         ; 1.000        ; -0.036     ; 1.263      ;
; -0.312 ; uart_rx:uart_rx_inst|rx_data_reg[0] ; uart_rx:uart_rx_inst|rx_data[3]     ; clk          ; clk         ; 1.000        ; -0.036     ; 1.263      ;
; -0.312 ; uart_rx:uart_rx_inst|rx_data_reg[0] ; uart_rx:uart_rx_inst|rx_data[4]     ; clk          ; clk         ; 1.000        ; -0.036     ; 1.263      ;
; -0.312 ; uart_rx:uart_rx_inst|rx_data_reg[0] ; uart_rx:uart_rx_inst|rx_data[5]     ; clk          ; clk         ; 1.000        ; -0.036     ; 1.263      ;
; -0.312 ; uart_rx:uart_rx_inst|rx_data_reg[0] ; uart_rx:uart_rx_inst|rx_data[6]     ; clk          ; clk         ; 1.000        ; -0.036     ; 1.263      ;
; -0.312 ; uart_rx:uart_rx_inst|rx_data_reg[0] ; uart_rx:uart_rx_inst|rx_data[7]     ; clk          ; clk         ; 1.000        ; -0.036     ; 1.263      ;
; -0.309 ; uart_rx:uart_rx_inst|rx_data_reg[7] ; uart_rx:uart_rx_inst|rx_data[0]     ; clk          ; clk         ; 1.000        ; -0.036     ; 1.260      ;
; -0.309 ; uart_rx:uart_rx_inst|rx_data_reg[7] ; uart_rx:uart_rx_inst|rx_data[1]     ; clk          ; clk         ; 1.000        ; -0.036     ; 1.260      ;
; -0.309 ; uart_rx:uart_rx_inst|rx_data_reg[7] ; uart_rx:uart_rx_inst|rx_data[2]     ; clk          ; clk         ; 1.000        ; -0.036     ; 1.260      ;
; -0.309 ; uart_rx:uart_rx_inst|rx_data_reg[7] ; uart_rx:uart_rx_inst|rx_data[3]     ; clk          ; clk         ; 1.000        ; -0.036     ; 1.260      ;
; -0.309 ; uart_rx:uart_rx_inst|rx_data_reg[7] ; uart_rx:uart_rx_inst|rx_data[4]     ; clk          ; clk         ; 1.000        ; -0.036     ; 1.260      ;
; -0.309 ; uart_rx:uart_rx_inst|rx_data_reg[7] ; uart_rx:uart_rx_inst|rx_data[5]     ; clk          ; clk         ; 1.000        ; -0.036     ; 1.260      ;
; -0.309 ; uart_rx:uart_rx_inst|rx_data_reg[7] ; uart_rx:uart_rx_inst|rx_data[6]     ; clk          ; clk         ; 1.000        ; -0.036     ; 1.260      ;
; -0.309 ; uart_rx:uart_rx_inst|rx_data_reg[7] ; uart_rx:uart_rx_inst|rx_data[7]     ; clk          ; clk         ; 1.000        ; -0.036     ; 1.260      ;
; -0.302 ; baud_gen:baud_gen_inst|cnt[0]       ; baud_gen:baud_gen_inst|cnt[10]      ; clk          ; clk         ; 1.000        ; -0.232     ; 1.057      ;
; -0.302 ; baud_gen:baud_gen_inst|cnt[3]       ; baud_gen:baud_gen_inst|cnt[15]      ; clk          ; clk         ; 1.000        ; -0.038     ; 1.251      ;
; -0.298 ; baud_gen:baud_gen_inst|cnt[3]       ; baud_gen:baud_gen_inst|cnt[14]      ; clk          ; clk         ; 1.000        ; -0.038     ; 1.247      ;
; -0.295 ; baud_gen:baud_gen_inst|cnt[3]       ; baud_gen:baud_gen_inst|cnt[4]       ; clk          ; clk         ; 1.000        ; -0.037     ; 1.245      ;
; -0.292 ; baud_gen:baud_gen_inst|cnt[1]       ; baud_gen:baud_gen_inst|cnt[13]      ; clk          ; clk         ; 1.000        ; -0.038     ; 1.241      ;
; -0.288 ; baud_gen:baud_gen_inst|cnt[1]       ; baud_gen:baud_gen_inst|cnt[12]      ; clk          ; clk         ; 1.000        ; -0.038     ; 1.237      ;
; -0.281 ; uart_rx:uart_rx_inst|rx_data_reg[3] ; uart_rx:uart_rx_inst|rx_valid       ; clk          ; clk         ; 1.000        ; -0.036     ; 1.232      ;
; -0.280 ; uart_rx:uart_rx_inst|sample_cnt[1]  ; uart_rx:uart_rx_inst|bit_cnt[0]     ; clk          ; clk         ; 1.000        ; -0.037     ; 1.230      ;
; -0.280 ; uart_rx:uart_rx_inst|sample_cnt[1]  ; uart_rx:uart_rx_inst|bit_cnt[1]     ; clk          ; clk         ; 1.000        ; -0.037     ; 1.230      ;
; -0.280 ; uart_rx:uart_rx_inst|sample_cnt[1]  ; uart_rx:uart_rx_inst|bit_cnt[2]     ; clk          ; clk         ; 1.000        ; -0.037     ; 1.230      ;
; -0.280 ; uart_rx:uart_rx_inst|sample_cnt[1]  ; uart_rx:uart_rx_inst|bit_cnt[3]     ; clk          ; clk         ; 1.000        ; -0.037     ; 1.230      ;
; -0.277 ; uart_rx:uart_rx_inst|sample_cnt[1]  ; uart_rx:uart_rx_inst|rx_data_reg[6] ; clk          ; clk         ; 1.000        ; -0.036     ; 1.228      ;
; -0.277 ; baud_gen:baud_gen_inst|cnt[0]       ; baud_gen:baud_gen_inst|cnt[9]       ; clk          ; clk         ; 1.000        ; -0.232     ; 1.032      ;
; -0.277 ; baud_gen:baud_gen_inst|cnt[9]       ; baud_gen:baud_gen_inst|cnt[3]       ; clk          ; clk         ; 1.000        ; -0.037     ; 1.227      ;
; -0.275 ; baud_gen:baud_gen_inst|cnt[11]      ; baud_gen:baud_gen_inst|cnt[3]       ; clk          ; clk         ; 1.000        ; -0.037     ; 1.225      ;
; -0.272 ; uart_rx:uart_rx_inst|state.IDLE     ; uart_rx:uart_rx_inst|bit_cnt[0]     ; clk          ; clk         ; 1.000        ; -0.036     ; 1.223      ;
; -0.272 ; uart_rx:uart_rx_inst|state.IDLE     ; uart_rx:uart_rx_inst|bit_cnt[1]     ; clk          ; clk         ; 1.000        ; -0.036     ; 1.223      ;
+--------+-------------------------------------+-------------------------------------+--------------+-------------+--------------+------------+------------+


+----------------------------------------------------------------------------------------------------------------------------------------------------------------------+
; Fast 1200mV 0C Model Hold: 'clk'                                                                                                                                     ;
+-------+--------------------------------------------+-------------------------------------------+--------------+-------------+--------------+------------+------------+
; Slack ; From Node                                  ; To Node                                   ; Launch Clock ; Latch Clock ; Relationship ; Clock Skew ; Data Delay ;
+-------+--------------------------------------------+-------------------------------------------+--------------+-------------+--------------+------------+------------+
; 0.178 ; baud_gen:baud_gen_inst|baud_clk            ; baud_gen:baud_gen_inst|baud_clk           ; clk          ; clk         ; 0.000        ; 0.045      ; 0.307      ;
; 0.186 ; uart_rx:uart_rx_inst|sample_cnt[2]         ; uart_rx:uart_rx_inst|sample_cnt[2]        ; clk          ; clk         ; 0.000        ; 0.037      ; 0.307      ;
; 0.186 ; uart_rx:uart_rx_inst|sample_cnt[3]         ; uart_rx:uart_rx_inst|sample_cnt[3]        ; clk          ; clk         ; 0.000        ; 0.037      ; 0.307      ;
; 0.186 ; uart_rx:uart_rx_inst|sample_cnt[1]         ; uart_rx:uart_rx_inst|sample_cnt[1]        ; clk          ; clk         ; 0.000        ; 0.037      ; 0.307      ;
; 0.186 ; uart_rx:uart_rx_inst|rx_data_reg[2]        ; uart_rx:uart_rx_inst|rx_data_reg[2]       ; clk          ; clk         ; 0.000        ; 0.037      ; 0.307      ;
; 0.186 ; uart_rx:uart_rx_inst|rx_data_reg[0]        ; uart_rx:uart_rx_inst|rx_data_reg[0]       ; clk          ; clk         ; 0.000        ; 0.037      ; 0.307      ;
; 0.186 ; uart_rx:uart_rx_inst|rx_data_reg[1]        ; uart_rx:uart_rx_inst|rx_data_reg[1]       ; clk          ; clk         ; 0.000        ; 0.037      ; 0.307      ;
; 0.186 ; uart_rx:uart_rx_inst|rx_data_reg[3]        ; uart_rx:uart_rx_inst|rx_data_reg[3]       ; clk          ; clk         ; 0.000        ; 0.037      ; 0.307      ;
; 0.186 ; uart_tx:uart_tx_inst|bit_cnt[2]            ; uart_tx:uart_tx_inst|bit_cnt[2]           ; clk          ; clk         ; 0.000        ; 0.037      ; 0.307      ;
; 0.186 ; uart_tx:uart_tx_inst|bit_cnt[1]            ; uart_tx:uart_tx_inst|bit_cnt[1]           ; clk          ; clk         ; 0.000        ; 0.037      ; 0.307      ;
; 0.186 ; uart_tx:uart_tx_inst|tx_done               ; uart_tx:uart_tx_inst|tx_done              ; clk          ; clk         ; 0.000        ; 0.037      ; 0.307      ;
; 0.187 ; uart_rx:uart_rx_inst|rx_ready              ; uart_rx:uart_rx_inst|rx_ready             ; clk          ; clk         ; 0.000        ; 0.036      ; 0.307      ;
; 0.187 ; uart_rx:uart_rx_inst|bit_cnt[1]            ; uart_rx:uart_rx_inst|bit_cnt[1]           ; clk          ; clk         ; 0.000        ; 0.036      ; 0.307      ;
; 0.187 ; uart_rx:uart_rx_inst|bit_cnt[2]            ; uart_rx:uart_rx_inst|bit_cnt[2]           ; clk          ; clk         ; 0.000        ; 0.036      ; 0.307      ;
; 0.187 ; uart_rx:uart_rx_inst|bit_cnt[3]            ; uart_rx:uart_rx_inst|bit_cnt[3]           ; clk          ; clk         ; 0.000        ; 0.036      ; 0.307      ;
; 0.187 ; uart_rx:uart_rx_inst|rx_data_reg[6]        ; uart_rx:uart_rx_inst|rx_data_reg[6]       ; clk          ; clk         ; 0.000        ; 0.036      ; 0.307      ;
; 0.187 ; uart_rx:uart_rx_inst|rx_data_reg[7]        ; uart_rx:uart_rx_inst|rx_data_reg[7]       ; clk          ; clk         ; 0.000        ; 0.036      ; 0.307      ;
; 0.187 ; uart_rx:uart_rx_inst|rx_data_reg[4]        ; uart_rx:uart_rx_inst|rx_data_reg[4]       ; clk          ; clk         ; 0.000        ; 0.036      ; 0.307      ;
; 0.187 ; uart_rx:uart_rx_inst|rx_data_reg[5]        ; uart_rx:uart_rx_inst|rx_data_reg[5]       ; clk          ; clk         ; 0.000        ; 0.036      ; 0.307      ;
; 0.187 ; uart_rx:uart_rx_inst|stop_bit              ; uart_rx:uart_rx_inst|stop_bit             ; clk          ; clk         ; 0.000        ; 0.036      ; 0.307      ;
; 0.187 ; uart_rx:uart_rx_inst|parity_bit            ; uart_rx:uart_rx_inst|parity_bit           ; clk          ; clk         ; 0.000        ; 0.036      ; 0.307      ;
; 0.193 ; uart_rx:uart_rx_inst|next_state.STOP_CHK   ; uart_rx:uart_rx_inst|state.STOP_CHK       ; clk          ; clk         ; 0.000        ; 0.036      ; 0.313      ;
; 0.193 ; uart_rx:uart_rx_inst|sample_cnt[0]         ; uart_rx:uart_rx_inst|sample_cnt[0]        ; clk          ; clk         ; 0.000        ; 0.037      ; 0.314      ;
; 0.193 ; uart_tx:uart_tx_inst|bit_cnt[0]            ; uart_tx:uart_tx_inst|bit_cnt[0]           ; clk          ; clk         ; 0.000        ; 0.037      ; 0.314      ;
; 0.194 ; uart_rx:uart_rx_inst|bit_cnt[0]            ; uart_rx:uart_rx_inst|bit_cnt[0]           ; clk          ; clk         ; 0.000        ; 0.036      ; 0.314      ;
; 0.198 ; uart_rx:uart_rx_inst|rx_data_reg[6]        ; uart_rx:uart_rx_inst|rx_data[6]           ; clk          ; clk         ; 0.000        ; 0.036      ; 0.318      ;
; 0.199 ; uart_rx:uart_rx_inst|rx_data_reg[4]        ; uart_rx:uart_rx_inst|rx_data[4]           ; clk          ; clk         ; 0.000        ; 0.036      ; 0.319      ;
; 0.211 ; uart_tx:uart_tx_inst|bit_cnt[1]            ; uart_tx:uart_tx_inst|bit_cnt[2]           ; clk          ; clk         ; 0.000        ; 0.037      ; 0.332      ;
; 0.224 ; uart_rx:uart_rx_inst|state.IDLE            ; uart_rx:uart_rx_inst|bit_cnt[2]           ; clk          ; clk         ; 0.000        ; 0.036      ; 0.344      ;
; 0.225 ; uart_rx:uart_rx_inst|state.IDLE            ; uart_rx:uart_rx_inst|bit_cnt[1]           ; clk          ; clk         ; 0.000        ; 0.036      ; 0.345      ;
; 0.226 ; uart_rx:uart_rx_inst|state.IDLE            ; uart_rx:uart_rx_inst|bit_cnt[0]           ; clk          ; clk         ; 0.000        ; 0.036      ; 0.346      ;
; 0.227 ; uart_rx:uart_rx_inst|state.IDLE            ; uart_rx:uart_rx_inst|bit_cnt[3]           ; clk          ; clk         ; 0.000        ; 0.036      ; 0.347      ;
; 0.259 ; uart_tx:uart_tx_inst|next_state.PARITY     ; uart_tx:uart_tx_inst|state.PARITY         ; clk          ; clk         ; 0.000        ; 0.037      ; 0.380      ;
; 0.260 ; baud_gen:baud_gen_inst|cnt[15]             ; baud_gen:baud_gen_inst|cnt[15]            ; clk          ; clk         ; 0.000        ; 0.038      ; 0.382      ;
; 0.260 ; uart_tx:uart_tx_inst|next_state.DATA       ; uart_tx:uart_tx_inst|state.DATA           ; clk          ; clk         ; 0.000        ; 0.037      ; 0.381      ;
; 0.262 ; uart_tx:uart_tx_inst|next_state.STOP       ; uart_tx:uart_tx_inst|state.STOP           ; clk          ; clk         ; 0.000        ; 0.036      ; 0.382      ;
; 0.267 ; uart_rx:uart_rx_inst|rx_data_reg[2]        ; uart_rx:uart_rx_inst|rx_data[2]           ; clk          ; clk         ; 0.000        ; 0.037      ; 0.388      ;
; 0.269 ; uart_rx:uart_rx_inst|rx_data_reg[7]        ; uart_rx:uart_rx_inst|rx_data[7]           ; clk          ; clk         ; 0.000        ; 0.036      ; 0.389      ;
; 0.269 ; uart_tx:uart_tx_inst|state.START           ; uart_tx:uart_tx_inst|next_state.START     ; clk          ; clk         ; 0.000        ; 0.037      ; 0.390      ;
; 0.269 ; uart_tx:uart_tx_inst|state.START           ; uart_tx:uart_tx_inst|next_state.DATA      ; clk          ; clk         ; 0.000        ; 0.037      ; 0.390      ;
; 0.270 ; uart_tx:uart_tx_inst|next_state.START      ; uart_tx:uart_tx_inst|state.START          ; clk          ; clk         ; 0.000        ; 0.037      ; 0.391      ;
; 0.272 ; uart_rx:uart_rx_inst|rx_data_reg[3]        ; uart_rx:uart_rx_inst|rx_data[3]           ; clk          ; clk         ; 0.000        ; 0.037      ; 0.393      ;
; 0.273 ; uart_tx:uart_tx_inst|state.IDLE            ; uart_tx:uart_tx_inst|tx_done              ; clk          ; clk         ; 0.000        ; 0.037      ; 0.394      ;
; 0.276 ; uart_rx:uart_rx_inst|rx_data_reg[5]        ; uart_rx:uart_rx_inst|rx_data[5]           ; clk          ; clk         ; 0.000        ; 0.036      ; 0.396      ;
; 0.280 ; uart_tx:uart_tx_inst|state.PARITY          ; uart_tx:uart_tx_inst|next_state.STOP      ; clk          ; clk         ; 0.000        ; 0.037      ; 0.401      ;
; 0.290 ; uart_tx:uart_tx_inst|bit_cnt[0]            ; uart_tx:uart_tx_inst|bit_cnt[1]           ; clk          ; clk         ; 0.000        ; 0.037      ; 0.411      ;
; 0.307 ; baud_gen:baud_gen_inst|cnt[5]              ; baud_gen:baud_gen_inst|cnt[5]             ; clk          ; clk         ; 0.000        ; 0.038      ; 0.429      ;
; 0.307 ; baud_gen:baud_gen_inst|cnt[7]              ; baud_gen:baud_gen_inst|cnt[7]             ; clk          ; clk         ; 0.000        ; 0.038      ; 0.429      ;
; 0.307 ; baud_gen:baud_gen_inst|cnt[9]              ; baud_gen:baud_gen_inst|cnt[9]             ; clk          ; clk         ; 0.000        ; 0.038      ; 0.429      ;
; 0.307 ; baud_gen:baud_gen_inst|cnt[11]             ; baud_gen:baud_gen_inst|cnt[11]            ; clk          ; clk         ; 0.000        ; 0.038      ; 0.429      ;
; 0.307 ; baud_gen:baud_gen_inst|cnt[13]             ; baud_gen:baud_gen_inst|cnt[13]            ; clk          ; clk         ; 0.000        ; 0.038      ; 0.429      ;
; 0.308 ; baud_gen:baud_gen_inst|cnt[2]              ; baud_gen:baud_gen_inst|cnt[2]             ; clk          ; clk         ; 0.000        ; 0.038      ; 0.430      ;
; 0.308 ; baud_gen:baud_gen_inst|cnt[6]              ; baud_gen:baud_gen_inst|cnt[6]             ; clk          ; clk         ; 0.000        ; 0.038      ; 0.430      ;
; 0.308 ; baud_gen:baud_gen_inst|cnt[8]              ; baud_gen:baud_gen_inst|cnt[8]             ; clk          ; clk         ; 0.000        ; 0.038      ; 0.430      ;
; 0.308 ; baud_gen:baud_gen_inst|cnt[14]             ; baud_gen:baud_gen_inst|cnt[14]            ; clk          ; clk         ; 0.000        ; 0.038      ; 0.430      ;
; 0.309 ; baud_gen:baud_gen_inst|cnt[10]             ; baud_gen:baud_gen_inst|cnt[10]            ; clk          ; clk         ; 0.000        ; 0.038      ; 0.431      ;
; 0.309 ; baud_gen:baud_gen_inst|cnt[12]             ; baud_gen:baud_gen_inst|cnt[12]            ; clk          ; clk         ; 0.000        ; 0.038      ; 0.431      ;
; 0.312 ; uart_rx:uart_rx_inst|sample_cnt[1]         ; uart_rx:uart_rx_inst|sample_cnt[2]        ; clk          ; clk         ; 0.000        ; 0.037      ; 0.433      ;
; 0.315 ; uart_rx:uart_rx_inst|sample_cnt[0]         ; uart_rx:uart_rx_inst|sample_cnt[2]        ; clk          ; clk         ; 0.000        ; 0.037      ; 0.436      ;
; 0.316 ; uart_rx:uart_rx_inst|sample_cnt[0]         ; uart_rx:uart_rx_inst|sample_cnt[1]        ; clk          ; clk         ; 0.000        ; 0.037      ; 0.437      ;
; 0.317 ; uart_rx:uart_rx_inst|bit_cnt[2]            ; uart_rx:uart_rx_inst|bit_cnt[3]           ; clk          ; clk         ; 0.000        ; 0.036      ; 0.437      ;
; 0.317 ; uart_tx:uart_tx_inst|state.STOP            ; uart_tx:uart_tx_inst|tx_done              ; clk          ; clk         ; 0.000        ; 0.037      ; 0.438      ;
; 0.321 ; uart_rx:uart_rx_inst|state.STOP_CHK        ; uart_rx:uart_rx_inst|next_state.STOP_CHK  ; clk          ; clk         ; 0.000        ; 0.036      ; 0.441      ;
; 0.326 ; uart_tx:uart_tx_inst|state.STOP            ; uart_tx:uart_tx_inst|tx                   ; clk          ; clk         ; 0.000        ; 0.037      ; 0.447      ;
; 0.329 ; uart_rx:uart_rx_inst|state.STOP_CHK        ; uart_rx:uart_rx_inst|rx_valid             ; clk          ; clk         ; 0.000        ; 0.036      ; 0.449      ;
; 0.329 ; uart_rx:uart_rx_inst|bit_cnt[1]            ; uart_rx:uart_rx_inst|bit_cnt[2]           ; clk          ; clk         ; 0.000        ; 0.036      ; 0.449      ;
; 0.331 ; uart_rx:uart_rx_inst|bit_cnt[0]            ; uart_rx:uart_rx_inst|bit_cnt[1]           ; clk          ; clk         ; 0.000        ; 0.036      ; 0.451      ;
; 0.332 ; uart_tx:uart_tx_inst|next_state.IDLE       ; uart_tx:uart_tx_inst|state.IDLE           ; clk          ; clk         ; 0.000        ; 0.036      ; 0.452      ;
; 0.334 ; uart_rx:uart_rx_inst|bit_cnt[0]            ; uart_rx:uart_rx_inst|bit_cnt[2]           ; clk          ; clk         ; 0.000        ; 0.036      ; 0.454      ;
; 0.340 ; uart_tx:uart_tx_inst|state.DATA            ; uart_tx:uart_tx_inst|next_state.PARITY    ; clk          ; clk         ; 0.000        ; 0.037      ; 0.461      ;
; 0.340 ; uart_tx:uart_tx_inst|state.DATA            ; uart_tx:uart_tx_inst|next_state.DATA      ; clk          ; clk         ; 0.000        ; 0.037      ; 0.461      ;
; 0.345 ; uart_rx:uart_rx_inst|next_state.IDLE       ; uart_rx:uart_rx_inst|state.IDLE           ; clk          ; clk         ; 0.000        ; 0.036      ; 0.465      ;
; 0.346 ; uart_tx:uart_tx_inst|state.STOP            ; uart_tx:uart_tx_inst|next_state.STOP      ; clk          ; clk         ; 0.000        ; 0.038      ; 0.468      ;
; 0.347 ; uart_rx:uart_rx_inst|next_state.START_DET  ; uart_rx:uart_rx_inst|state.START_DET      ; clk          ; clk         ; 0.000        ; 0.036      ; 0.467      ;
; 0.347 ; uart_tx:uart_tx_inst|state.STOP            ; uart_tx:uart_tx_inst|next_state.IDLE      ; clk          ; clk         ; 0.000        ; 0.038      ; 0.469      ;
; 0.355 ; uart_rx:uart_rx_inst|state.IDLE            ; uart_rx:uart_rx_inst|next_state.IDLE      ; clk          ; clk         ; 0.000        ; 0.037      ; 0.476      ;
; 0.358 ; uart_tx:uart_tx_inst|state.IDLE            ; uart_tx:uart_tx_inst|next_state.START     ; clk          ; clk         ; 0.000        ; 0.038      ; 0.480      ;
; 0.368 ; uart_rx:uart_rx_inst|sample_cnt[1]         ; uart_rx:uart_rx_inst|sample_cnt[3]        ; clk          ; clk         ; 0.000        ; 0.037      ; 0.489      ;
; 0.376 ; uart_rx:uart_rx_inst|state.START_DET       ; uart_rx:uart_rx_inst|next_state.START_DET ; clk          ; clk         ; 0.000        ; 0.037      ; 0.497      ;
; 0.380 ; uart_rx:uart_rx_inst|state.STOP_CHK        ; uart_rx:uart_rx_inst|stop_bit             ; clk          ; clk         ; 0.000        ; 0.036      ; 0.500      ;
; 0.388 ; uart_tx:uart_tx_inst|bit_cnt[2]            ; uart_tx:uart_tx_inst|next_state.PARITY    ; clk          ; clk         ; 0.000        ; 0.037      ; 0.509      ;
; 0.392 ; uart_tx:uart_tx_inst|state.PARITY          ; uart_tx:uart_tx_inst|next_state.PARITY    ; clk          ; clk         ; 0.000        ; 0.037      ; 0.513      ;
; 0.393 ; uart_tx:uart_tx_inst|bit_cnt[0]            ; uart_tx:uart_tx_inst|bit_cnt[2]           ; clk          ; clk         ; 0.000        ; 0.037      ; 0.514      ;
; 0.400 ; uart_tx:uart_tx_inst|parity_bit            ; uart_tx:uart_tx_inst|tx                   ; clk          ; clk         ; 0.000        ; 0.037      ; 0.521      ;
; 0.401 ; uart_rx:uart_rx_inst|state.IDLE            ; uart_rx:uart_rx_inst|sample_cnt[3]        ; clk          ; clk         ; 0.000        ; 0.037      ; 0.522      ;
; 0.402 ; uart_rx:uart_rx_inst|state.IDLE            ; uart_rx:uart_rx_inst|sample_cnt[0]        ; clk          ; clk         ; 0.000        ; 0.037      ; 0.523      ;
; 0.408 ; uart_tx:uart_tx_inst|state.IDLE            ; uart_tx:uart_tx_inst|bit_cnt[3]           ; clk          ; clk         ; 0.000        ; 0.038      ; 0.530      ;
; 0.409 ; uart_tx:uart_tx_inst|state.IDLE            ; uart_tx:uart_tx_inst|bit_cnt[0]           ; clk          ; clk         ; 0.000        ; 0.038      ; 0.531      ;
; 0.411 ; uart_tx:uart_tx_inst|state.IDLE            ; uart_tx:uart_tx_inst|bit_cnt[2]           ; clk          ; clk         ; 0.000        ; 0.038      ; 0.533      ;
; 0.412 ; uart_tx:uart_tx_inst|state.IDLE            ; uart_tx:uart_tx_inst|bit_cnt[1]           ; clk          ; clk         ; 0.000        ; 0.038      ; 0.534      ;
; 0.415 ; uart_tx:uart_tx_inst|state.IDLE            ; uart_tx:uart_tx_inst|next_state.IDLE      ; clk          ; clk         ; 0.000        ; 0.038      ; 0.537      ;
; 0.419 ; uart_rx:uart_rx_inst|rx_data_reg[1]        ; uart_rx:uart_rx_inst|rx_data[1]           ; clk          ; clk         ; 0.000        ; 0.037      ; 0.540      ;
; 0.420 ; uart_rx:uart_rx_inst|sample_cnt[2]         ; uart_rx:uart_rx_inst|sample_cnt[3]        ; clk          ; clk         ; 0.000        ; 0.037      ; 0.541      ;
; 0.422 ; uart_tx:uart_tx_inst|bit_cnt[2]            ; uart_tx:uart_tx_inst|bit_cnt[3]           ; clk          ; clk         ; 0.000        ; 0.037      ; 0.543      ;
; 0.423 ; uart_rx:uart_rx_inst|rx_reg                ; uart_rx:uart_rx_inst|rx_data_reg[3]       ; clk          ; clk         ; 0.000        ; 0.037      ; 0.544      ;
; 0.425 ; uart_rx:uart_rx_inst|rx_reg                ; uart_rx:uart_rx_inst|rx_data_reg[2]       ; clk          ; clk         ; 0.000        ; 0.037      ; 0.546      ;
; 0.427 ; uart_rx:uart_rx_inst|rx_reg                ; uart_rx:uart_rx_inst|rx_data_reg[0]       ; clk          ; clk         ; 0.000        ; 0.037      ; 0.548      ;
; 0.428 ; uart_rx:uart_rx_inst|rx_reg                ; uart_rx:uart_rx_inst|rx_data_reg[1]       ; clk          ; clk         ; 0.000        ; 0.037      ; 0.549      ;
; 0.429 ; uart_rx:uart_rx_inst|next_state.DATA_RX    ; uart_rx:uart_rx_inst|state.DATA_RX        ; clk          ; clk         ; 0.000        ; 0.036      ; 0.549      ;
; 0.431 ; uart_rx:uart_rx_inst|next_state.PARITY_CHK ; uart_rx:uart_rx_inst|state.PARITY_CHK     ; clk          ; clk         ; 0.000        ; 0.035      ; 0.550      ;
+-------+--------------------------------------------+-------------------------------------------+--------------+-------------+--------------+------------+------------+


+----------------------------------------------------------------------------------------------------------------------------+
; Fast 1200mV 0C Model Minimum Pulse Width: 'clk'                                                                            ;
+--------+--------------+----------------+-----------------+-------+------------+--------------------------------------------+
; Slack  ; Actual Width ; Required Width ; Type            ; Clock ; Clock Edge ; Target                                     ;
+--------+--------------+----------------+-----------------+-------+------------+--------------------------------------------+
; -3.000 ; 1.000        ; 4.000          ; Port Rate       ; clk   ; Rise       ; clk                                        ;
; -1.000 ; 1.000        ; 2.000          ; Min Period      ; clk   ; Rise       ; baud_gen:baud_gen_inst|baud_clk            ;
; -1.000 ; 1.000        ; 2.000          ; Min Period      ; clk   ; Rise       ; baud_gen:baud_gen_inst|cnt[0]              ;
; -1.000 ; 1.000        ; 2.000          ; Min Period      ; clk   ; Rise       ; baud_gen:baud_gen_inst|cnt[10]             ;
; -1.000 ; 1.000        ; 2.000          ; Min Period      ; clk   ; Rise       ; baud_gen:baud_gen_inst|cnt[11]             ;
; -1.000 ; 1.000        ; 2.000          ; Min Period      ; clk   ; Rise       ; baud_gen:baud_gen_inst|cnt[12]             ;
; -1.000 ; 1.000        ; 2.000          ; Min Period      ; clk   ; Rise       ; baud_gen:baud_gen_inst|cnt[13]             ;
; -1.000 ; 1.000        ; 2.000          ; Min Period      ; clk   ; Rise       ; baud_gen:baud_gen_inst|cnt[14]             ;
; -1.000 ; 1.000        ; 2.000          ; Min Period      ; clk   ; Rise       ; baud_gen:baud_gen_inst|cnt[15]             ;
; -1.000 ; 1.000        ; 2.000          ; Min Period      ; clk   ; Rise       ; baud_gen:baud_gen_inst|cnt[1]              ;
; -1.000 ; 1.000        ; 2.000          ; Min Period      ; clk   ; Rise       ; baud_gen:baud_gen_inst|cnt[2]              ;
; -1.000 ; 1.000        ; 2.000          ; Min Period      ; clk   ; Rise       ; baud_gen:baud_gen_inst|cnt[3]              ;
; -1.000 ; 1.000        ; 2.000          ; Min Period      ; clk   ; Rise       ; baud_gen:baud_gen_inst|cnt[4]              ;
; -1.000 ; 1.000        ; 2.000          ; Min Period      ; clk   ; Rise       ; baud_gen:baud_gen_inst|cnt[5]              ;
; -1.000 ; 1.000        ; 2.000          ; Min Period      ; clk   ; Rise       ; baud_gen:baud_gen_inst|cnt[6]              ;
; -1.000 ; 1.000        ; 2.000          ; Min Period      ; clk   ; Rise       ; baud_gen:baud_gen_inst|cnt[7]              ;
; -1.000 ; 1.000        ; 2.000          ; Min Period      ; clk   ; Rise       ; baud_gen:baud_gen_inst|cnt[8]              ;
; -1.000 ; 1.000        ; 2.000          ; Min Period      ; clk   ; Rise       ; baud_gen:baud_gen_inst|cnt[9]              ;
; -1.000 ; 1.000        ; 2.000          ; Min Period      ; clk   ; Rise       ; uart_rx:uart_rx_inst|bit_cnt[0]            ;
; -1.000 ; 1.000        ; 2.000          ; Min Period      ; clk   ; Rise       ; uart_rx:uart_rx_inst|bit_cnt[1]            ;
; -1.000 ; 1.000        ; 2.000          ; Min Period      ; clk   ; Rise       ; uart_rx:uart_rx_inst|bit_cnt[2]            ;
; -1.000 ; 1.000        ; 2.000          ; Min Period      ; clk   ; Rise       ; uart_rx:uart_rx_inst|bit_cnt[3]            ;
; -1.000 ; 1.000        ; 2.000          ; Min Period      ; clk   ; Rise       ; uart_rx:uart_rx_inst|next_state.DATA_RX    ;
; -1.000 ; 1.000        ; 2.000          ; Min Period      ; clk   ; Rise       ; uart_rx:uart_rx_inst|next_state.IDLE       ;
; -1.000 ; 1.000        ; 2.000          ; Min Period      ; clk   ; Rise       ; uart_rx:uart_rx_inst|next_state.PARITY_CHK ;
; -1.000 ; 1.000        ; 2.000          ; Min Period      ; clk   ; Rise       ; uart_rx:uart_rx_inst|next_state.START_DET  ;
; -1.000 ; 1.000        ; 2.000          ; Min Period      ; clk   ; Rise       ; uart_rx:uart_rx_inst|next_state.STOP_CHK   ;
; -1.000 ; 1.000        ; 2.000          ; Min Period      ; clk   ; Rise       ; uart_rx:uart_rx_inst|parity_bit            ;
; -1.000 ; 1.000        ; 2.000          ; Min Period      ; clk   ; Rise       ; uart_rx:uart_rx_inst|rx_data[0]            ;
; -1.000 ; 1.000        ; 2.000          ; Min Period      ; clk   ; Rise       ; uart_rx:uart_rx_inst|rx_data[1]            ;
; -1.000 ; 1.000        ; 2.000          ; Min Period      ; clk   ; Rise       ; uart_rx:uart_rx_inst|rx_data[2]            ;
; -1.000 ; 1.000        ; 2.000          ; Min Period      ; clk   ; Rise       ; uart_rx:uart_rx_inst|rx_data[3]            ;
; -1.000 ; 1.000        ; 2.000          ; Min Period      ; clk   ; Rise       ; uart_rx:uart_rx_inst|rx_data[4]            ;
; -1.000 ; 1.000        ; 2.000          ; Min Period      ; clk   ; Rise       ; uart_rx:uart_rx_inst|rx_data[5]            ;
; -1.000 ; 1.000        ; 2.000          ; Min Period      ; clk   ; Rise       ; uart_rx:uart_rx_inst|rx_data[6]            ;
; -1.000 ; 1.000        ; 2.000          ; Min Period      ; clk   ; Rise       ; uart_rx:uart_rx_inst|rx_data[7]            ;
; -1.000 ; 1.000        ; 2.000          ; Min Period      ; clk   ; Rise       ; uart_rx:uart_rx_inst|rx_data_reg[0]        ;
; -1.000 ; 1.000        ; 2.000          ; Min Period      ; clk   ; Rise       ; uart_rx:uart_rx_inst|rx_data_reg[1]        ;
; -1.000 ; 1.000        ; 2.000          ; Min Period      ; clk   ; Rise       ; uart_rx:uart_rx_inst|rx_data_reg[2]        ;
; -1.000 ; 1.000        ; 2.000          ; Min Period      ; clk   ; Rise       ; uart_rx:uart_rx_inst|rx_data_reg[3]        ;
; -1.000 ; 1.000        ; 2.000          ; Min Period      ; clk   ; Rise       ; uart_rx:uart_rx_inst|rx_data_reg[4]        ;
; -1.000 ; 1.000        ; 2.000          ; Min Period      ; clk   ; Rise       ; uart_rx:uart_rx_inst|rx_data_reg[5]        ;
; -1.000 ; 1.000        ; 2.000          ; Min Period      ; clk   ; Rise       ; uart_rx:uart_rx_inst|rx_data_reg[6]        ;
; -1.000 ; 1.000        ; 2.000          ; Min Period      ; clk   ; Rise       ; uart_rx:uart_rx_inst|rx_data_reg[7]        ;
; -1.000 ; 1.000        ; 2.000          ; Min Period      ; clk   ; Rise       ; uart_rx:uart_rx_inst|rx_ready              ;
; -1.000 ; 1.000        ; 2.000          ; Min Period      ; clk   ; Rise       ; uart_rx:uart_rx_inst|rx_reg                ;
; -1.000 ; 1.000        ; 2.000          ; Min Period      ; clk   ; Rise       ; uart_rx:uart_rx_inst|rx_valid              ;
; -1.000 ; 1.000        ; 2.000          ; Min Period      ; clk   ; Rise       ; uart_rx:uart_rx_inst|sample_cnt[0]         ;
; -1.000 ; 1.000        ; 2.000          ; Min Period      ; clk   ; Rise       ; uart_rx:uart_rx_inst|sample_cnt[1]         ;
; -1.000 ; 1.000        ; 2.000          ; Min Period      ; clk   ; Rise       ; uart_rx:uart_rx_inst|sample_cnt[2]         ;
; -1.000 ; 1.000        ; 2.000          ; Min Period      ; clk   ; Rise       ; uart_rx:uart_rx_inst|sample_cnt[3]         ;
; -1.000 ; 1.000        ; 2.000          ; Min Period      ; clk   ; Rise       ; uart_rx:uart_rx_inst|state.DATA_RX         ;
; -1.000 ; 1.000        ; 2.000          ; Min Period      ; clk   ; Rise       ; uart_rx:uart_rx_inst|state.IDLE            ;
; -1.000 ; 1.000        ; 2.000          ; Min Period      ; clk   ; Rise       ; uart_rx:uart_rx_inst|state.PARITY_CHK      ;
; -1.000 ; 1.000        ; 2.000          ; Min Period      ; clk   ; Rise       ; uart_rx:uart_rx_inst|state.START_DET       ;
; -1.000 ; 1.000        ; 2.000          ; Min Period      ; clk   ; Rise       ; uart_rx:uart_rx_inst|state.STOP_CHK        ;
; -1.000 ; 1.000        ; 2.000          ; Min Period      ; clk   ; Rise       ; uart_rx:uart_rx_inst|stop_bit              ;
; -1.000 ; 1.000        ; 2.000          ; Min Period      ; clk   ; Rise       ; uart_tx:uart_tx_inst|bit_cnt[0]            ;
; -1.000 ; 1.000        ; 2.000          ; Min Period      ; clk   ; Rise       ; uart_tx:uart_tx_inst|bit_cnt[1]            ;
; -1.000 ; 1.000        ; 2.000          ; Min Period      ; clk   ; Rise       ; uart_tx:uart_tx_inst|bit_cnt[2]            ;
; -1.000 ; 1.000        ; 2.000          ; Min Period      ; clk   ; Rise       ; uart_tx:uart_tx_inst|bit_cnt[3]            ;
; -1.000 ; 1.000        ; 2.000          ; Min Period      ; clk   ; Rise       ; uart_tx:uart_tx_inst|next_state.DATA       ;
; -1.000 ; 1.000        ; 2.000          ; Min Period      ; clk   ; Rise       ; uart_tx:uart_tx_inst|next_state.IDLE       ;
; -1.000 ; 1.000        ; 2.000          ; Min Period      ; clk   ; Rise       ; uart_tx:uart_tx_inst|next_state.PARITY     ;
; -1.000 ; 1.000        ; 2.000          ; Min Period      ; clk   ; Rise       ; uart_tx:uart_tx_inst|next_state.START      ;
; -1.000 ; 1.000        ; 2.000          ; Min Period      ; clk   ; Rise       ; uart_tx:uart_tx_inst|next_state.STOP       ;
; -1.000 ; 1.000        ; 2.000          ; Min Period      ; clk   ; Rise       ; uart_tx:uart_tx_inst|parity_bit            ;
; -1.000 ; 1.000        ; 2.000          ; Min Period      ; clk   ; Rise       ; uart_tx:uart_tx_inst|state.DATA            ;
; -1.000 ; 1.000        ; 2.000          ; Min Period      ; clk   ; Rise       ; uart_tx:uart_tx_inst|state.IDLE            ;
; -1.000 ; 1.000        ; 2.000          ; Min Period      ; clk   ; Rise       ; uart_tx:uart_tx_inst|state.PARITY          ;
; -1.000 ; 1.000        ; 2.000          ; Min Period      ; clk   ; Rise       ; uart_tx:uart_tx_inst|state.START           ;
; -1.000 ; 1.000        ; 2.000          ; Min Period      ; clk   ; Rise       ; uart_tx:uart_tx_inst|state.STOP            ;
; -1.000 ; 1.000        ; 2.000          ; Min Period      ; clk   ; Rise       ; uart_tx:uart_tx_inst|tx                    ;
; -1.000 ; 1.000        ; 2.000          ; Min Period      ; clk   ; Rise       ; uart_tx:uart_tx_inst|tx_data_reg[0]        ;
; -1.000 ; 1.000        ; 2.000          ; Min Period      ; clk   ; Rise       ; uart_tx:uart_tx_inst|tx_data_reg[1]        ;
; -1.000 ; 1.000        ; 2.000          ; Min Period      ; clk   ; Rise       ; uart_tx:uart_tx_inst|tx_data_reg[2]        ;
; -1.000 ; 1.000        ; 2.000          ; Min Period      ; clk   ; Rise       ; uart_tx:uart_tx_inst|tx_data_reg[3]        ;
; -1.000 ; 1.000        ; 2.000          ; Min Period      ; clk   ; Rise       ; uart_tx:uart_tx_inst|tx_data_reg[4]        ;
; -1.000 ; 1.000        ; 2.000          ; Min Period      ; clk   ; Rise       ; uart_tx:uart_tx_inst|tx_data_reg[5]        ;
; -1.000 ; 1.000        ; 2.000          ; Min Period      ; clk   ; Rise       ; uart_tx:uart_tx_inst|tx_data_reg[6]        ;
; -1.000 ; 1.000        ; 2.000          ; Min Period      ; clk   ; Rise       ; uart_tx:uart_tx_inst|tx_data_reg[7]        ;
; -1.000 ; 1.000        ; 2.000          ; Min Period      ; clk   ; Rise       ; uart_tx:uart_tx_inst|tx_done               ;
; -0.053 ; 0.131        ; 0.184          ; Low Pulse Width ; clk   ; Rise       ; baud_gen:baud_gen_inst|cnt[0]              ;
; -0.052 ; 0.132        ; 0.184          ; Low Pulse Width ; clk   ; Rise       ; baud_gen:baud_gen_inst|baud_clk            ;
; -0.032 ; 0.152        ; 0.184          ; Low Pulse Width ; clk   ; Rise       ; uart_rx:uart_rx_inst|bit_cnt[0]            ;
; -0.032 ; 0.152        ; 0.184          ; Low Pulse Width ; clk   ; Rise       ; uart_rx:uart_rx_inst|bit_cnt[1]            ;
; -0.032 ; 0.152        ; 0.184          ; Low Pulse Width ; clk   ; Rise       ; uart_rx:uart_rx_inst|bit_cnt[2]            ;
; -0.032 ; 0.152        ; 0.184          ; Low Pulse Width ; clk   ; Rise       ; uart_rx:uart_rx_inst|bit_cnt[3]            ;
; -0.032 ; 0.152        ; 0.184          ; Low Pulse Width ; clk   ; Rise       ; uart_rx:uart_rx_inst|next_state.DATA_RX    ;
; -0.032 ; 0.152        ; 0.184          ; Low Pulse Width ; clk   ; Rise       ; uart_rx:uart_rx_inst|next_state.PARITY_CHK ;
; -0.032 ; 0.152        ; 0.184          ; Low Pulse Width ; clk   ; Rise       ; uart_rx:uart_rx_inst|next_state.STOP_CHK   ;
; -0.032 ; 0.152        ; 0.184          ; Low Pulse Width ; clk   ; Rise       ; uart_rx:uart_rx_inst|parity_bit            ;
; -0.032 ; 0.152        ; 0.184          ; Low Pulse Width ; clk   ; Rise       ; uart_rx:uart_rx_inst|rx_data[0]            ;
; -0.032 ; 0.152        ; 0.184          ; Low Pulse Width ; clk   ; Rise       ; uart_rx:uart_rx_inst|rx_data[1]            ;
; -0.032 ; 0.152        ; 0.184          ; Low Pulse Width ; clk   ; Rise       ; uart_rx:uart_rx_inst|rx_data[2]            ;
; -0.032 ; 0.152        ; 0.184          ; Low Pulse Width ; clk   ; Rise       ; uart_rx:uart_rx_inst|rx_data[3]            ;
; -0.032 ; 0.152        ; 0.184          ; Low Pulse Width ; clk   ; Rise       ; uart_rx:uart_rx_inst|rx_data[4]            ;
; -0.032 ; 0.152        ; 0.184          ; Low Pulse Width ; clk   ; Rise       ; uart_rx:uart_rx_inst|rx_data[5]            ;
; -0.032 ; 0.152        ; 0.184          ; Low Pulse Width ; clk   ; Rise       ; uart_rx:uart_rx_inst|rx_data[6]            ;
; -0.032 ; 0.152        ; 0.184          ; Low Pulse Width ; clk   ; Rise       ; uart_rx:uart_rx_inst|rx_data[7]            ;
+--------+--------------+----------------+-----------------+-------+------------+--------------------------------------------+


+-------------------------------------------------------------------------+
; Setup Times                                                             ;
+-------------+------------+-------+-------+------------+-----------------+
; Data Port   ; Clock Port ; Rise  ; Fall  ; Clock Edge ; Clock Reference ;
+-------------+------------+-------+-------+------------+-----------------+
; rst_n       ; clk        ; 0.199 ; 0.471 ; Rise       ; clk             ;
; rx          ; clk        ; 1.491 ; 2.080 ; Rise       ; clk             ;
; tx_data[*]  ; clk        ; 1.829 ; 2.395 ; Rise       ; clk             ;
;  tx_data[0] ; clk        ; 0.629 ; 0.891 ; Rise       ; clk             ;
;  tx_data[1] ; clk        ; 0.384 ; 0.674 ; Rise       ; clk             ;
;  tx_data[2] ; clk        ; 1.455 ; 2.019 ; Rise       ; clk             ;
;  tx_data[3] ; clk        ; 1.336 ; 1.893 ; Rise       ; clk             ;
;  tx_data[4] ; clk        ; 1.715 ; 2.273 ; Rise       ; clk             ;
;  tx_data[5] ; clk        ; 1.609 ; 2.182 ; Rise       ; clk             ;
;  tx_data[6] ; clk        ; 1.829 ; 2.395 ; Rise       ; clk             ;
;  tx_data[7] ; clk        ; 1.534 ; 2.095 ; Rise       ; clk             ;
; tx_en       ; clk        ; 1.573 ; 2.173 ; Rise       ; clk             ;
+-------------+------------+-------+-------+------------+-----------------+


+---------------------------------------------------------------------------+
; Hold Times                                                                ;
+-------------+------------+--------+--------+------------+-----------------+
; Data Port   ; Clock Port ; Rise   ; Fall   ; Clock Edge ; Clock Reference ;
+-------------+------------+--------+--------+------------+-----------------+
; rst_n       ; clk        ; 0.148  ; -0.179 ; Rise       ; clk             ;
; rx          ; clk        ; -1.258 ; -1.837 ; Rise       ; clk             ;
; tx_data[*]  ; clk        ; 0.215  ; -0.083 ; Rise       ; clk             ;
;  tx_data[0] ; clk        ; 0.061  ; -0.217 ; Rise       ; clk             ;
;  tx_data[1] ; clk        ; 0.215  ; -0.083 ; Rise       ; clk             ;
;  tx_data[2] ; clk        ; -0.725 ; -1.282 ; Rise       ; clk             ;
;  tx_data[3] ; clk        ; -0.714 ; -1.255 ; Rise       ; clk             ;
;  tx_data[4] ; clk        ; -0.822 ; -1.383 ; Rise       ; clk             ;
;  tx_data[5] ; clk        ; -0.816 ; -1.372 ; Rise       ; clk             ;
;  tx_data[6] ; clk        ; -0.932 ; -1.495 ; Rise       ; clk             ;
;  tx_data[7] ; clk        ; -0.809 ; -1.371 ; Rise       ; clk             ;
; tx_en       ; clk        ; -0.836 ; -1.401 ; Rise       ; clk             ;
+-------------+------------+--------+--------+------------+-----------------+


+-------------------------------------------------------------------------+
; Clock to Output Times                                                   ;
+-------------+------------+-------+-------+------------+-----------------+
; Data Port   ; Clock Port ; Rise  ; Fall  ; Clock Edge ; Clock Reference ;
+-------------+------------+-------+-------+------------+-----------------+
; rx_data[*]  ; clk        ; 3.912 ; 4.032 ; Rise       ; clk             ;
;  rx_data[0] ; clk        ; 3.794 ; 3.880 ; Rise       ; clk             ;
;  rx_data[1] ; clk        ; 3.598 ; 3.656 ; Rise       ; clk             ;
;  rx_data[2] ; clk        ; 3.912 ; 4.032 ; Rise       ; clk             ;
;  rx_data[3] ; clk        ; 3.698 ; 3.771 ; Rise       ; clk             ;
;  rx_data[4] ; clk        ; 3.588 ; 3.646 ; Rise       ; clk             ;
;  rx_data[5] ; clk        ; 3.560 ; 3.612 ; Rise       ; clk             ;
;  rx_data[6] ; clk        ; 3.785 ; 3.872 ; Rise       ; clk             ;
;  rx_data[7] ; clk        ; 3.549 ; 3.599 ; Rise       ; clk             ;
; rx_valid    ; clk        ; 4.240 ; 4.315 ; Rise       ; clk             ;
; tx          ; clk        ; 3.431 ; 3.391 ; Rise       ; clk             ;
; tx_done     ; clk        ; 3.369 ; 3.406 ; Rise       ; clk             ;
+-------------+------------+-------+-------+------------+-----------------+


+-------------------------------------------------------------------------+
; Minimum Clock to Output Times                                           ;
+-------------+------------+-------+-------+------------+-----------------+
; Data Port   ; Clock Port ; Rise  ; Fall  ; Clock Edge ; Clock Reference ;
+-------------+------------+-------+-------+------------+-----------------+
; rx_data[*]  ; clk        ; 3.430 ; 3.477 ; Rise       ; clk             ;
;  rx_data[0] ; clk        ; 3.669 ; 3.751 ; Rise       ; clk             ;
;  rx_data[1] ; clk        ; 3.478 ; 3.532 ; Rise       ; clk             ;
;  rx_data[2] ; clk        ; 3.782 ; 3.896 ; Rise       ; clk             ;
;  rx_data[3] ; clk        ; 3.575 ; 3.645 ; Rise       ; clk             ;
;  rx_data[4] ; clk        ; 3.468 ; 3.522 ; Rise       ; clk             ;
;  rx_data[5] ; clk        ; 3.441 ; 3.490 ; Rise       ; clk             ;
;  rx_data[6] ; clk        ; 3.660 ; 3.743 ; Rise       ; clk             ;
;  rx_data[7] ; clk        ; 3.430 ; 3.477 ; Rise       ; clk             ;
; rx_valid    ; clk        ; 4.119 ; 4.191 ; Rise       ; clk             ;
; tx          ; clk        ; 3.319 ; 3.281 ; Rise       ; clk             ;
; tx_done     ; clk        ; 3.259 ; 3.295 ; Rise       ; clk             ;
+-------------+------------+-------+-------+------------+-----------------+


---------------------------------------------
; Fast 1200mV 0C Model Metastability Report ;
---------------------------------------------
No synchronizer chains to report.


+-------------------------------------------------------------------------------+
; Multicorner Timing Analysis Summary                                           ;
+------------------+---------+-------+----------+---------+---------------------+
; Clock            ; Setup   ; Hold  ; Recovery ; Removal ; Minimum Pulse Width ;
+------------------+---------+-------+----------+---------+---------------------+
; Worst-case Slack ; -1.661  ; 0.178 ; N/A      ; N/A     ; -3.000              ;
;  clk             ; -1.661  ; 0.178 ; N/A      ; N/A     ; -3.000              ;
; Design-wide TNS  ; -77.333 ; 0.0   ; 0.0      ; 0.0     ; -86.398             ;
;  clk             ; -77.333 ; 0.000 ; N/A      ; N/A     ; -86.398             ;
+------------------+---------+-------+----------+---------+---------------------+


+-------------------------------------------------------------------------+
; Setup Times                                                             ;
+-------------+------------+-------+-------+------------+-----------------+
; Data Port   ; Clock Port ; Rise  ; Fall  ; Clock Edge ; Clock Reference ;
+-------------+------------+-------+-------+------------+-----------------+
; rst_n       ; clk        ; 0.333 ; 0.471 ; Rise       ; clk             ;
; rx          ; clk        ; 2.642 ; 3.111 ; Rise       ; clk             ;
; tx_data[*]  ; clk        ; 3.302 ; 3.687 ; Rise       ; clk             ;
;  tx_data[0] ; clk        ; 1.106 ; 1.194 ; Rise       ; clk             ;
;  tx_data[1] ; clk        ; 0.699 ; 0.823 ; Rise       ; clk             ;
;  tx_data[2] ; clk        ; 2.629 ; 3.053 ; Rise       ; clk             ;
;  tx_data[3] ; clk        ; 2.413 ; 2.840 ; Rise       ; clk             ;
;  tx_data[4] ; clk        ; 3.085 ; 3.491 ; Rise       ; clk             ;
;  tx_data[5] ; clk        ; 2.890 ; 3.334 ; Rise       ; clk             ;
;  tx_data[6] ; clk        ; 3.302 ; 3.687 ; Rise       ; clk             ;
;  tx_data[7] ; clk        ; 2.765 ; 3.187 ; Rise       ; clk             ;
; tx_en       ; clk        ; 2.852 ; 3.286 ; Rise       ; clk             ;
+-------------+------------+-------+-------+------------+-----------------+


+---------------------------------------------------------------------------+
; Hold Times                                                                ;
+-------------+------------+--------+--------+------------+-----------------+
; Data Port   ; Clock Port ; Rise   ; Fall   ; Clock Edge ; Clock Reference ;
+-------------+------------+--------+--------+------------+-----------------+
; rst_n       ; clk        ; 0.250  ; 0.095  ; Rise       ; clk             ;
; rx          ; clk        ; -1.258 ; -1.837 ; Rise       ; clk             ;
; tx_data[*]  ; clk        ; 0.386  ; 0.267  ; Rise       ; clk             ;
;  tx_data[0] ; clk        ; 0.134  ; 0.024  ; Rise       ; clk             ;
;  tx_data[1] ; clk        ; 0.386  ; 0.267  ; Rise       ; clk             ;
;  tx_data[2] ; clk        ; -0.725 ; -1.282 ; Rise       ; clk             ;
;  tx_data[3] ; clk        ; -0.714 ; -1.255 ; Rise       ; clk             ;
;  tx_data[4] ; clk        ; -0.822 ; -1.383 ; Rise       ; clk             ;
;  tx_data[5] ; clk        ; -0.816 ; -1.372 ; Rise       ; clk             ;
;  tx_data[6] ; clk        ; -0.932 ; -1.495 ; Rise       ; clk             ;
;  tx_data[7] ; clk        ; -0.809 ; -1.371 ; Rise       ; clk             ;
; tx_en       ; clk        ; -0.836 ; -1.401 ; Rise       ; clk             ;
+-------------+------------+--------+--------+------------+-----------------+


+-------------------------------------------------------------------------+
; Clock to Output Times                                                   ;
+-------------+------------+-------+-------+------------+-----------------+
; Data Port   ; Clock Port ; Rise  ; Fall  ; Clock Edge ; Clock Reference ;
+-------------+------------+-------+-------+------------+-----------------+
; rx_data[*]  ; clk        ; 6.692 ; 6.676 ; Rise       ; clk             ;
;  rx_data[0] ; clk        ; 6.502 ; 6.442 ; Rise       ; clk             ;
;  rx_data[1] ; clk        ; 6.163 ; 6.102 ; Rise       ; clk             ;
;  rx_data[2] ; clk        ; 6.692 ; 6.676 ; Rise       ; clk             ;
;  rx_data[3] ; clk        ; 6.374 ; 6.305 ; Rise       ; clk             ;
;  rx_data[4] ; clk        ; 6.153 ; 6.094 ; Rise       ; clk             ;
;  rx_data[5] ; clk        ; 6.125 ; 6.065 ; Rise       ; clk             ;
;  rx_data[6] ; clk        ; 6.496 ; 6.432 ; Rise       ; clk             ;
;  rx_data[7] ; clk        ; 6.099 ; 6.039 ; Rise       ; clk             ;
; rx_valid    ; clk        ; 7.035 ; 7.027 ; Rise       ; clk             ;
; tx          ; clk        ; 5.738 ; 5.801 ; Rise       ; clk             ;
; tx_done     ; clk        ; 5.760 ; 5.697 ; Rise       ; clk             ;
+-------------+------------+-------+-------+------------+-----------------+


+-------------------------------------------------------------------------+
; Minimum Clock to Output Times                                           ;
+-------------+------------+-------+-------+------------+-----------------+
; Data Port   ; Clock Port ; Rise  ; Fall  ; Clock Edge ; Clock Reference ;
+-------------+------------+-------+-------+------------+-----------------+
; rx_data[*]  ; clk        ; 3.430 ; 3.477 ; Rise       ; clk             ;
;  rx_data[0] ; clk        ; 3.669 ; 3.751 ; Rise       ; clk             ;
;  rx_data[1] ; clk        ; 3.478 ; 3.532 ; Rise       ; clk             ;
;  rx_data[2] ; clk        ; 3.782 ; 3.896 ; Rise       ; clk             ;
;  rx_data[3] ; clk        ; 3.575 ; 3.645 ; Rise       ; clk             ;
;  rx_data[4] ; clk        ; 3.468 ; 3.522 ; Rise       ; clk             ;
;  rx_data[5] ; clk        ; 3.441 ; 3.490 ; Rise       ; clk             ;
;  rx_data[6] ; clk        ; 3.660 ; 3.743 ; Rise       ; clk             ;
;  rx_data[7] ; clk        ; 3.430 ; 3.477 ; Rise       ; clk             ;
; rx_valid    ; clk        ; 4.119 ; 4.191 ; Rise       ; clk             ;
; tx          ; clk        ; 3.319 ; 3.281 ; Rise       ; clk             ;
; tx_done     ; clk        ; 3.259 ; 3.295 ; Rise       ; clk             ;
+-------------+------------+-------+-------+------------+-----------------+


+------------------------------------------------------------------------------------------------------------------------------------------------------------------------------------------------------------------------------------------------------------------------------------------------------------------------------------------------------------------------------------------------------------------+
; Board Trace Model Assignments                                                                                                                                                                                                                                                                                                                                                                                    ;
+---------------+--------------+-------------------+-------------------------+-------------------------+---------------+---------------------+----------------+------------------+--------+------------------+------------------------+------------------------+--------------+---------------+-----------------+-------+---------------------+--------------------+---------------+-----------------+-------------+
; Pin           ; I/O Standard ; Near Tline Length ; Near Tline L per Length ; Near Tline C per Length ; Near Series R ; Near Differential R ; Near Pull-up R ; Near Pull-down R ; Near C ; Far Tline Length ; Far Tline L per Length ; Far Tline C per Length ; Far Series R ; Far Pull-up R ; Far Pull-down R ; Far C ; Termination Voltage ; Far Differential R ; EBD File Name ; EBD Signal Name ; EBD Far-end ;
+---------------+--------------+-------------------+-------------------------+-------------------------+---------------+---------------------+----------------+------------------+--------+------------------+------------------------+------------------------+--------------+---------------+-----------------+-------+---------------------+--------------------+---------------+-----------------+-------------+
; tx            ; 2.5 V        ; 0 in              ; 0 H/in                  ; 0 F/in                  ; short         ; -                   ; open           ; open             ; open   ; 0 in             ; 0 H/in                 ; 0 F/in                 ; short        ; open          ; open            ; open  ; 0 V                 ; -                  ; n/a           ; n/a             ; n/a         ;
; tx_done       ; 2.5 V        ; 0 in              ; 0 H/in                  ; 0 F/in                  ; short         ; -                   ; open           ; open             ; open   ; 0 in             ; 0 H/in                 ; 0 F/in                 ; short        ; open          ; open            ; open  ; 0 V                 ; -                  ; n/a           ; n/a             ; n/a         ;
; rx_data[0]    ; 2.5 V        ; 0 in              ; 0 H/in                  ; 0 F/in                  ; short         ; -                   ; open           ; open             ; open   ; 0 in             ; 0 H/in                 ; 0 F/in                 ; short        ; open          ; open            ; open  ; 0 V                 ; -                  ; n/a           ; n/a             ; n/a         ;
; rx_data[1]    ; 2.5 V        ; 0 in              ; 0 H/in                  ; 0 F/in                  ; short         ; -                   ; open           ; open             ; open   ; 0 in             ; 0 H/in                 ; 0 F/in                 ; short        ; open          ; open            ; open  ; 0 V                 ; -                  ; n/a           ; n/a             ; n/a         ;
; rx_data[2]    ; 2.5 V        ; 0 in              ; 0 H/in                  ; 0 F/in                  ; short         ; -                   ; open           ; open             ; open   ; 0 in             ; 0 H/in                 ; 0 F/in                 ; short        ; open          ; open            ; open  ; 0 V                 ; -                  ; n/a           ; n/a             ; n/a         ;
; rx_data[3]    ; 2.5 V        ; 0 in              ; 0 H/in                  ; 0 F/in                  ; short         ; -                   ; open           ; open             ; open   ; 0 in             ; 0 H/in                 ; 0 F/in                 ; short        ; open          ; open            ; open  ; 0 V                 ; -                  ; n/a           ; n/a             ; n/a         ;
; rx_data[4]    ; 2.5 V        ; 0 in              ; 0 H/in                  ; 0 F/in                  ; short         ; -                   ; open           ; open             ; open   ; 0 in             ; 0 H/in                 ; 0 F/in                 ; short        ; open          ; open            ; open  ; 0 V                 ; -                  ; n/a           ; n/a             ; n/a         ;
; rx_data[5]    ; 2.5 V        ; 0 in              ; 0 H/in                  ; 0 F/in                  ; short         ; -                   ; open           ; open             ; open   ; 0 in             ; 0 H/in                 ; 0 F/in                 ; short        ; open          ; open            ; open  ; 0 V                 ; -                  ; n/a           ; n/a             ; n/a         ;
; rx_data[6]    ; 2.5 V        ; 0 in              ; 0 H/in                  ; 0 F/in                  ; short         ; -                   ; open           ; open             ; open   ; 0 in             ; 0 H/in                 ; 0 F/in                 ; short        ; open          ; open            ; open  ; 0 V                 ; -                  ; n/a           ; n/a             ; n/a         ;
; rx_data[7]    ; 2.5 V        ; 0 in              ; 0 H/in                  ; 0 F/in                  ; short         ; -                   ; open           ; open             ; open   ; 0 in             ; 0 H/in                 ; 0 F/in                 ; short        ; open          ; open            ; open  ; 0 V                 ; -                  ; n/a           ; n/a             ; n/a         ;
; rx_valid      ; 2.5 V        ; 0 in              ; 0 H/in                  ; 0 F/in                  ; short         ; -                   ; open           ; open             ; open   ; 0 in             ; 0 H/in                 ; 0 F/in                 ; short        ; open          ; open            ; open  ; 0 V                 ; -                  ; n/a           ; n/a             ; n/a         ;
; ~ALTERA_NCEO~ ; 2.5 V        ; 0 in              ; 0 H/in                  ; 0 F/in                  ; short         ; -                   ; open           ; open             ; open   ; 0 in             ; 0 H/in                 ; 0 F/in                 ; short        ; open          ; open            ; open  ; 0 V                 ; -                  ; n/a           ; n/a             ; n/a         ;
; ~ALTERA_DCLK~ ; 2.5 V        ; 0 in              ; 0 H/in                  ; 0 F/in                  ; short         ; -                   ; open           ; open             ; open   ; 0 in             ; 0 H/in                 ; 0 F/in                 ; short        ; open          ; open            ; open  ; 0 V                 ; -                  ; n/a           ; n/a             ; n/a         ;
+---------------+--------------+-------------------+-------------------------+-------------------------+---------------+---------------------+----------------+------------------+--------+------------------+------------------------+------------------------+--------------+---------------+-----------------+-------+---------------------+--------------------+---------------+-----------------+-------------+


+-------------------------------------------------------------------+
; Input Transition Times                                            ;
+----------------+--------------+-----------------+-----------------+
; Pin            ; I/O Standard ; 10-90 Rise Time ; 90-10 Fall Time ;
+----------------+--------------+-----------------+-----------------+
; clk            ; 2.5 V        ; 2000 ps         ; 2000 ps         ;
; rst_n          ; 2.5 V        ; 2000 ps         ; 2000 ps         ;
; tx_data[0]     ; 2.5 V        ; 2000 ps         ; 2000 ps         ;
; tx_data[1]     ; 2.5 V        ; 2000 ps         ; 2000 ps         ;
; tx_data[2]     ; 2.5 V        ; 2000 ps         ; 2000 ps         ;
; tx_data[3]     ; 2.5 V        ; 2000 ps         ; 2000 ps         ;
; tx_data[4]     ; 2.5 V        ; 2000 ps         ; 2000 ps         ;
; tx_data[5]     ; 2.5 V        ; 2000 ps         ; 2000 ps         ;
; tx_data[6]     ; 2.5 V        ; 2000 ps         ; 2000 ps         ;
; tx_data[7]     ; 2.5 V        ; 2000 ps         ; 2000 ps         ;
; tx_en          ; 2.5 V        ; 2000 ps         ; 2000 ps         ;
; rx             ; 2.5 V        ; 2000 ps         ; 2000 ps         ;
; ~ALTERA_DATA0~ ; 2.5 V        ; 2000 ps         ; 2000 ps         ;
; ~ALTERA_ASDO~  ; 2.5 V        ; 2000 ps         ; 2000 ps         ;
; ~ALTERA_NCSO~  ; 2.5 V        ; 2000 ps         ; 2000 ps         ;
+----------------+--------------+-----------------+-----------------+


+--------------------------------------------------------------------------------------------------------------------------------------------------------------------------------------------------------------------------------------------------------------------------------------------------------------------------------------------------------------------------------------------------------------------------------------------------------------------------------------------------------------------------------------------------------------------------------------------------------------------------------------------------------------------------------------------+
; Signal Integrity Metrics (Slow 1200mv 0c Model)                                                                                                                                                                                                                                                                                                                                                                                                                                                                                                                                                                                                                                            ;
+---------------+--------------+---------------------+---------------------+------------------------------+------------------------------+---------------------+---------------------+--------------------------------------+--------------------------------------+-----------------------------+-----------------------------+----------------------------+----------------------------+-----------------------------+-----------------------------+--------------------+--------------------+-------------------------------------+-------------------------------------+----------------------------+----------------------------+---------------------------+---------------------------+
; Pin           ; I/O Standard ; Board Delay on Rise ; Board Delay on Fall ; Steady State Voh at FPGA Pin ; Steady State Vol at FPGA Pin ; Voh Max at FPGA Pin ; Vol Min at FPGA Pin ; Ringback Voltage on Rise at FPGA Pin ; Ringback Voltage on Fall at FPGA Pin ; 10-90 Rise Time at FPGA Pin ; 90-10 Fall Time at FPGA Pin ; Monotonic Rise at FPGA Pin ; Monotonic Fall at FPGA Pin ; Steady State Voh at Far-end ; Steady State Vol at Far-end ; Voh Max at Far-end ; Vol Min at Far-end ; Ringback Voltage on Rise at Far-end ; Ringback Voltage on Fall at Far-end ; 10-90 Rise Time at Far-end ; 90-10 Fall Time at Far-end ; Monotonic Rise at Far-end ; Monotonic Fall at Far-end ;
+---------------+--------------+---------------------+---------------------+------------------------------+------------------------------+---------------------+---------------------+--------------------------------------+--------------------------------------+-----------------------------+-----------------------------+----------------------------+----------------------------+-----------------------------+-----------------------------+--------------------+--------------------+-------------------------------------+-------------------------------------+----------------------------+----------------------------+---------------------------+---------------------------+
; tx            ; 2.5 V        ; 0 s                 ; 0 s                 ; 2.32 V                       ; 7.29e-09 V                   ; 2.39 V              ; -0.00317 V          ; 0.179 V                              ; 0.007 V                              ; 4.7e-10 s                   ; 4.72e-10 s                  ; No                         ; Yes                        ; 2.32 V                      ; 7.29e-09 V                  ; 2.39 V             ; -0.00317 V         ; 0.179 V                             ; 0.007 V                             ; 4.7e-10 s                  ; 4.72e-10 s                 ; No                        ; Yes                       ;
; tx_done       ; 2.5 V        ; 0 s                 ; 0 s                 ; 2.32 V                       ; 7.29e-09 V                   ; 2.39 V              ; -0.00317 V          ; 0.179 V                              ; 0.007 V                              ; 4.7e-10 s                   ; 4.72e-10 s                  ; No                         ; Yes                        ; 2.32 V                      ; 7.29e-09 V                  ; 2.39 V             ; -0.00317 V         ; 0.179 V                             ; 0.007 V                             ; 4.7e-10 s                  ; 4.72e-10 s                 ; No                        ; Yes                       ;
; rx_data[0]    ; 2.5 V        ; 0 s                 ; 0 s                 ; 2.32 V                       ; 7.29e-09 V                   ; 2.39 V              ; -0.00317 V          ; 0.179 V                              ; 0.007 V                              ; 4.7e-10 s                   ; 4.72e-10 s                  ; No                         ; Yes                        ; 2.32 V                      ; 7.29e-09 V                  ; 2.39 V             ; -0.00317 V         ; 0.179 V                             ; 0.007 V                             ; 4.7e-10 s                  ; 4.72e-10 s                 ; No                        ; Yes                       ;
; rx_data[1]    ; 2.5 V        ; 0 s                 ; 0 s                 ; 2.32 V                       ; 7.29e-09 V                   ; 2.39 V              ; -0.00339 V          ; 0.206 V                              ; 0.007 V                              ; 2.77e-10 s                  ; 3.24e-10 s                  ; Yes                        ; Yes                        ; 2.32 V                      ; 7.29e-09 V                  ; 2.39 V             ; -0.00339 V         ; 0.206 V                             ; 0.007 V                             ; 2.77e-10 s                 ; 3.24e-10 s                 ; Yes                       ; Yes                       ;
; rx_data[2]    ; 2.5 V        ; 0 s                 ; 0 s                 ; 2.32 V                       ; 7.29e-09 V                   ; 2.39 V              ; -0.00317 V          ; 0.179 V                              ; 0.007 V                              ; 4.7e-10 s                   ; 4.72e-10 s                  ; No                         ; Yes                        ; 2.32 V                      ; 7.29e-09 V                  ; 2.39 V             ; -0.00317 V         ; 0.179 V                             ; 0.007 V                             ; 4.7e-10 s                  ; 4.72e-10 s                 ; No                        ; Yes                       ;
; rx_data[3]    ; 2.5 V        ; 0 s                 ; 0 s                 ; 2.32 V                       ; 7.29e-09 V                   ; 2.39 V              ; -0.00317 V          ; 0.179 V                              ; 0.007 V                              ; 4.7e-10 s                   ; 4.72e-10 s                  ; No                         ; Yes                        ; 2.32 V                      ; 7.29e-09 V                  ; 2.39 V             ; -0.00317 V         ; 0.179 V                             ; 0.007 V                             ; 4.7e-10 s                  ; 4.72e-10 s                 ; No                        ; Yes                       ;
; rx_data[4]    ; 2.5 V        ; 0 s                 ; 0 s                 ; 2.32 V                       ; 7.29e-09 V                   ; 2.39 V              ; -0.00339 V          ; 0.206 V                              ; 0.007 V                              ; 2.77e-10 s                  ; 3.24e-10 s                  ; Yes                        ; Yes                        ; 2.32 V                      ; 7.29e-09 V                  ; 2.39 V             ; -0.00339 V         ; 0.206 V                             ; 0.007 V                             ; 2.77e-10 s                 ; 3.24e-10 s                 ; Yes                       ; Yes                       ;
; rx_data[5]    ; 2.5 V        ; 0 s                 ; 0 s                 ; 2.32 V                       ; 7.29e-09 V                   ; 2.39 V              ; -0.00339 V          ; 0.206 V                              ; 0.007 V                              ; 2.77e-10 s                  ; 3.24e-10 s                  ; Yes                        ; Yes                        ; 2.32 V                      ; 7.29e-09 V                  ; 2.39 V             ; -0.00339 V         ; 0.206 V                             ; 0.007 V                             ; 2.77e-10 s                 ; 3.24e-10 s                 ; Yes                       ; Yes                       ;
; rx_data[6]    ; 2.5 V        ; 0 s                 ; 0 s                 ; 2.32 V                       ; 7.29e-09 V                   ; 2.39 V              ; -0.00317 V          ; 0.179 V                              ; 0.007 V                              ; 4.7e-10 s                   ; 4.72e-10 s                  ; No                         ; Yes                        ; 2.32 V                      ; 7.29e-09 V                  ; 2.39 V             ; -0.00317 V         ; 0.179 V                             ; 0.007 V                             ; 4.7e-10 s                  ; 4.72e-10 s                 ; No                        ; Yes                       ;
; rx_data[7]    ; 2.5 V        ; 0 s                 ; 0 s                 ; 2.32 V                       ; 7.29e-09 V                   ; 2.39 V              ; -0.00339 V          ; 0.206 V                              ; 0.007 V                              ; 2.77e-10 s                  ; 3.24e-10 s                  ; Yes                        ; Yes                        ; 2.32 V                      ; 7.29e-09 V                  ; 2.39 V             ; -0.00339 V         ; 0.206 V                             ; 0.007 V                             ; 2.77e-10 s                 ; 3.24e-10 s                 ; Yes                       ; Yes                       ;
; rx_valid      ; 2.5 V        ; 0 s                 ; 0 s                 ; 2.32 V                       ; 7.29e-09 V                   ; 2.34 V              ; -0.00668 V          ; 0.218 V                              ; 0.076 V                              ; 1.92e-09 s                  ; 1.81e-09 s                  ; No                         ; Yes                        ; 2.32 V                      ; 7.29e-09 V                  ; 2.34 V             ; -0.00668 V         ; 0.218 V                             ; 0.076 V                             ; 1.92e-09 s                 ; 1.81e-09 s                 ; No                        ; Yes                       ;
; ~ALTERA_NCEO~ ; 2.5 V        ; 0 s                 ; 0 s                 ; 2.32 V                       ; 4.76e-09 V                   ; 2.4 V               ; -0.034 V            ; 0.102 V                              ; 0.065 V                              ; 2.49e-10 s                  ; 3.49e-10 s                  ; Yes                        ; Yes                        ; 2.32 V                      ; 4.76e-09 V                  ; 2.4 V              ; -0.034 V           ; 0.102 V                             ; 0.065 V                             ; 2.49e-10 s                 ; 3.49e-10 s                 ; Yes                       ; Yes                       ;
; ~ALTERA_DCLK~ ; 2.5 V        ; 0 s                 ; 0 s                 ; 2.32 V                       ; 5.94e-09 V                   ; 2.39 V              ; -0.0344 V           ; 0.156 V                              ; 0.089 V                              ; 2.68e-10 s                  ; 2.6e-10 s                   ; Yes                        ; Yes                        ; 2.32 V                      ; 5.94e-09 V                  ; 2.39 V             ; -0.0344 V          ; 0.156 V                             ; 0.089 V                             ; 2.68e-10 s                 ; 2.6e-10 s                  ; Yes                       ; Yes                       ;
+---------------+--------------+---------------------+---------------------+------------------------------+------------------------------+---------------------+---------------------+--------------------------------------+--------------------------------------+-----------------------------+-----------------------------+----------------------------+----------------------------+-----------------------------+-----------------------------+--------------------+--------------------+-------------------------------------+-------------------------------------+----------------------------+----------------------------+---------------------------+---------------------------+


+--------------------------------------------------------------------------------------------------------------------------------------------------------------------------------------------------------------------------------------------------------------------------------------------------------------------------------------------------------------------------------------------------------------------------------------------------------------------------------------------------------------------------------------------------------------------------------------------------------------------------------------------------------------------------------------------+
; Signal Integrity Metrics (Slow 1200mv 85c Model)                                                                                                                                                                                                                                                                                                                                                                                                                                                                                                                                                                                                                                           ;
+---------------+--------------+---------------------+---------------------+------------------------------+------------------------------+---------------------+---------------------+--------------------------------------+--------------------------------------+-----------------------------+-----------------------------+----------------------------+----------------------------+-----------------------------+-----------------------------+--------------------+--------------------+-------------------------------------+-------------------------------------+----------------------------+----------------------------+---------------------------+---------------------------+
; Pin           ; I/O Standard ; Board Delay on Rise ; Board Delay on Fall ; Steady State Voh at FPGA Pin ; Steady State Vol at FPGA Pin ; Voh Max at FPGA Pin ; Vol Min at FPGA Pin ; Ringback Voltage on Rise at FPGA Pin ; Ringback Voltage on Fall at FPGA Pin ; 10-90 Rise Time at FPGA Pin ; 90-10 Fall Time at FPGA Pin ; Monotonic Rise at FPGA Pin ; Monotonic Fall at FPGA Pin ; Steady State Voh at Far-end ; Steady State Vol at Far-end ; Voh Max at Far-end ; Vol Min at Far-end ; Ringback Voltage on Rise at Far-end ; Ringback Voltage on Fall at Far-end ; 10-90 Rise Time at Far-end ; 90-10 Fall Time at Far-end ; Monotonic Rise at Far-end ; Monotonic Fall at Far-end ;
+---------------+--------------+---------------------+---------------------+------------------------------+------------------------------+---------------------+---------------------+--------------------------------------+--------------------------------------+-----------------------------+-----------------------------+----------------------------+----------------------------+-----------------------------+-----------------------------+--------------------+--------------------+-------------------------------------+-------------------------------------+----------------------------+----------------------------+---------------------------+---------------------------+
; tx            ; 2.5 V        ; 0 s                 ; 0 s                 ; 2.32 V                       ; 1.21e-06 V                   ; 2.36 V              ; -0.00833 V          ; 0.113 V                              ; 0.035 V                              ; 6.32e-10 s                  ; 5.89e-10 s                  ; No                         ; Yes                        ; 2.32 V                      ; 1.21e-06 V                  ; 2.36 V             ; -0.00833 V         ; 0.113 V                             ; 0.035 V                             ; 6.32e-10 s                 ; 5.89e-10 s                 ; No                        ; Yes                       ;
; tx_done       ; 2.5 V        ; 0 s                 ; 0 s                 ; 2.32 V                       ; 1.21e-06 V                   ; 2.36 V              ; -0.00833 V          ; 0.113 V                              ; 0.035 V                              ; 6.32e-10 s                  ; 5.89e-10 s                  ; No                         ; Yes                        ; 2.32 V                      ; 1.21e-06 V                  ; 2.36 V             ; -0.00833 V         ; 0.113 V                             ; 0.035 V                             ; 6.32e-10 s                 ; 5.89e-10 s                 ; No                        ; Yes                       ;
; rx_data[0]    ; 2.5 V        ; 0 s                 ; 0 s                 ; 2.32 V                       ; 1.21e-06 V                   ; 2.36 V              ; -0.00833 V          ; 0.113 V                              ; 0.035 V                              ; 6.32e-10 s                  ; 5.89e-10 s                  ; No                         ; Yes                        ; 2.32 V                      ; 1.21e-06 V                  ; 2.36 V             ; -0.00833 V         ; 0.113 V                             ; 0.035 V                             ; 6.32e-10 s                 ; 5.89e-10 s                 ; No                        ; Yes                       ;
; rx_data[1]    ; 2.5 V        ; 0 s                 ; 0 s                 ; 2.32 V                       ; 1.21e-06 V                   ; 2.37 V              ; -0.00606 V          ; 0.107 V                              ; 0.021 V                              ; 4.26e-10 s                  ; 4.03e-10 s                  ; Yes                        ; Yes                        ; 2.32 V                      ; 1.21e-06 V                  ; 2.37 V             ; -0.00606 V         ; 0.107 V                             ; 0.021 V                             ; 4.26e-10 s                 ; 4.03e-10 s                 ; Yes                       ; Yes                       ;
; rx_data[2]    ; 2.5 V        ; 0 s                 ; 0 s                 ; 2.32 V                       ; 1.21e-06 V                   ; 2.36 V              ; -0.00833 V          ; 0.113 V                              ; 0.035 V                              ; 6.32e-10 s                  ; 5.89e-10 s                  ; No                         ; Yes                        ; 2.32 V                      ; 1.21e-06 V                  ; 2.36 V             ; -0.00833 V         ; 0.113 V                             ; 0.035 V                             ; 6.32e-10 s                 ; 5.89e-10 s                 ; No                        ; Yes                       ;
; rx_data[3]    ; 2.5 V        ; 0 s                 ; 0 s                 ; 2.32 V                       ; 1.21e-06 V                   ; 2.36 V              ; -0.00833 V          ; 0.113 V                              ; 0.035 V                              ; 6.32e-10 s                  ; 5.89e-10 s                  ; No                         ; Yes                        ; 2.32 V                      ; 1.21e-06 V                  ; 2.36 V             ; -0.00833 V         ; 0.113 V                             ; 0.035 V                             ; 6.32e-10 s                 ; 5.89e-10 s                 ; No                        ; Yes                       ;
; rx_data[4]    ; 2.5 V        ; 0 s                 ; 0 s                 ; 2.32 V                       ; 1.21e-06 V                   ; 2.37 V              ; -0.00606 V          ; 0.107 V                              ; 0.021 V                              ; 4.26e-10 s                  ; 4.03e-10 s                  ; Yes                        ; Yes                        ; 2.32 V                      ; 1.21e-06 V                  ; 2.37 V             ; -0.00606 V         ; 0.107 V                             ; 0.021 V                             ; 4.26e-10 s                 ; 4.03e-10 s                 ; Yes                       ; Yes                       ;
; rx_data[5]    ; 2.5 V        ; 0 s                 ; 0 s                 ; 2.32 V                       ; 1.21e-06 V                   ; 2.37 V              ; -0.00606 V          ; 0.107 V                              ; 0.021 V                              ; 4.26e-10 s                  ; 4.03e-10 s                  ; Yes                        ; Yes                        ; 2.32 V                      ; 1.21e-06 V                  ; 2.37 V             ; -0.00606 V         ; 0.107 V                             ; 0.021 V                             ; 4.26e-10 s                 ; 4.03e-10 s                 ; Yes                       ; Yes                       ;
; rx_data[6]    ; 2.5 V        ; 0 s                 ; 0 s                 ; 2.32 V                       ; 1.21e-06 V                   ; 2.36 V              ; -0.00833 V          ; 0.113 V                              ; 0.035 V                              ; 6.32e-10 s                  ; 5.89e-10 s                  ; No                         ; Yes                        ; 2.32 V                      ; 1.21e-06 V                  ; 2.36 V             ; -0.00833 V         ; 0.113 V                             ; 0.035 V                             ; 6.32e-10 s                 ; 5.89e-10 s                 ; No                        ; Yes                       ;
; rx_data[7]    ; 2.5 V        ; 0 s                 ; 0 s                 ; 2.32 V                       ; 1.21e-06 V                   ; 2.37 V              ; -0.00606 V          ; 0.107 V                              ; 0.021 V                              ; 4.26e-10 s                  ; 4.03e-10 s                  ; Yes                        ; Yes                        ; 2.32 V                      ; 1.21e-06 V                  ; 2.37 V             ; -0.00606 V         ; 0.107 V                             ; 0.021 V                             ; 4.26e-10 s                 ; 4.03e-10 s                 ; Yes                       ; Yes                       ;
; rx_valid      ; 2.5 V        ; 0 s                 ; 0 s                 ; 2.32 V                       ; 1.21e-06 V                   ; 2.33 V              ; -0.00286 V          ; 0.193 V                              ; 0.042 V                              ; 2.32e-09 s                  ; 2.21e-09 s                  ; Yes                        ; Yes                        ; 2.32 V                      ; 1.21e-06 V                  ; 2.33 V             ; -0.00286 V         ; 0.193 V                             ; 0.042 V                             ; 2.32e-09 s                 ; 2.21e-09 s                 ; Yes                       ; Yes                       ;
; ~ALTERA_NCEO~ ; 2.5 V        ; 0 s                 ; 0 s                 ; 2.32 V                       ; 7.93e-07 V                   ; 2.37 V              ; -0.0278 V           ; 0.106 V                              ; 0.115 V                              ; 2.69e-10 s                  ; 4.05e-10 s                  ; Yes                        ; Yes                        ; 2.32 V                      ; 7.93e-07 V                  ; 2.37 V             ; -0.0278 V          ; 0.106 V                             ; 0.115 V                             ; 2.69e-10 s                 ; 4.05e-10 s                 ; Yes                       ; Yes                       ;
; ~ALTERA_DCLK~ ; 2.5 V        ; 0 s                 ; 0 s                 ; 2.32 V                       ; 9.76e-07 V                   ; 2.36 V              ; -0.00439 V          ; 0.088 V                              ; 0.007 V                              ; 4.05e-10 s                  ; 3.35e-10 s                  ; Yes                        ; Yes                        ; 2.32 V                      ; 9.76e-07 V                  ; 2.36 V             ; -0.00439 V         ; 0.088 V                             ; 0.007 V                             ; 4.05e-10 s                 ; 3.35e-10 s                 ; Yes                       ; Yes                       ;
+---------------+--------------+---------------------+---------------------+------------------------------+------------------------------+---------------------+---------------------+--------------------------------------+--------------------------------------+-----------------------------+-----------------------------+----------------------------+----------------------------+-----------------------------+-----------------------------+--------------------+--------------------+-------------------------------------+-------------------------------------+----------------------------+----------------------------+---------------------------+---------------------------+


+--------------------------------------------------------------------------------------------------------------------------------------------------------------------------------------------------------------------------------------------------------------------------------------------------------------------------------------------------------------------------------------------------------------------------------------------------------------------------------------------------------------------------------------------------------------------------------------------------------------------------------------------------------------------------------------------+
; Signal Integrity Metrics (Fast 1200mv 0c Model)                                                                                                                                                                                                                                                                                                                                                                                                                                                                                                                                                                                                                                            ;
+---------------+--------------+---------------------+---------------------+------------------------------+------------------------------+---------------------+---------------------+--------------------------------------+--------------------------------------+-----------------------------+-----------------------------+----------------------------+----------------------------+-----------------------------+-----------------------------+--------------------+--------------------+-------------------------------------+-------------------------------------+----------------------------+----------------------------+---------------------------+---------------------------+
; Pin           ; I/O Standard ; Board Delay on Rise ; Board Delay on Fall ; Steady State Voh at FPGA Pin ; Steady State Vol at FPGA Pin ; Voh Max at FPGA Pin ; Vol Min at FPGA Pin ; Ringback Voltage on Rise at FPGA Pin ; Ringback Voltage on Fall at FPGA Pin ; 10-90 Rise Time at FPGA Pin ; 90-10 Fall Time at FPGA Pin ; Monotonic Rise at FPGA Pin ; Monotonic Fall at FPGA Pin ; Steady State Voh at Far-end ; Steady State Vol at Far-end ; Voh Max at Far-end ; Vol Min at Far-end ; Ringback Voltage on Rise at Far-end ; Ringback Voltage on Fall at Far-end ; 10-90 Rise Time at Far-end ; 90-10 Fall Time at Far-end ; Monotonic Rise at Far-end ; Monotonic Fall at Far-end ;
+---------------+--------------+---------------------+---------------------+------------------------------+------------------------------+---------------------+---------------------+--------------------------------------+--------------------------------------+-----------------------------+-----------------------------+----------------------------+----------------------------+-----------------------------+-----------------------------+--------------------+--------------------+-------------------------------------+-------------------------------------+----------------------------+----------------------------+---------------------------+---------------------------+
; tx            ; 2.5 V        ; 0 s                 ; 0 s                 ; 2.62 V                       ; 4.66e-08 V                   ; 2.72 V              ; -0.0215 V           ; 0.161 V                              ; 0.061 V                              ; 4.44e-10 s                  ; 4.06e-10 s                  ; No                         ; Yes                        ; 2.62 V                      ; 4.66e-08 V                  ; 2.72 V             ; -0.0215 V          ; 0.161 V                             ; 0.061 V                             ; 4.44e-10 s                 ; 4.06e-10 s                 ; No                        ; Yes                       ;
; tx_done       ; 2.5 V        ; 0 s                 ; 0 s                 ; 2.62 V                       ; 4.66e-08 V                   ; 2.72 V              ; -0.0215 V           ; 0.161 V                              ; 0.061 V                              ; 4.44e-10 s                  ; 4.06e-10 s                  ; No                         ; Yes                        ; 2.62 V                      ; 4.66e-08 V                  ; 2.72 V             ; -0.0215 V          ; 0.161 V                             ; 0.061 V                             ; 4.44e-10 s                 ; 4.06e-10 s                 ; No                        ; Yes                       ;
; rx_data[0]    ; 2.5 V        ; 0 s                 ; 0 s                 ; 2.62 V                       ; 4.66e-08 V                   ; 2.72 V              ; -0.0215 V           ; 0.161 V                              ; 0.061 V                              ; 4.44e-10 s                  ; 4.06e-10 s                  ; No                         ; Yes                        ; 2.62 V                      ; 4.66e-08 V                  ; 2.72 V             ; -0.0215 V          ; 0.161 V                             ; 0.061 V                             ; 4.44e-10 s                 ; 4.06e-10 s                 ; No                        ; Yes                       ;
; rx_data[1]    ; 2.5 V        ; 0 s                 ; 0 s                 ; 2.62 V                       ; 4.66e-08 V                   ; 2.73 V              ; -0.0205 V           ; 0.17 V                               ; 0.027 V                              ; 2.58e-10 s                  ; 2.57e-10 s                  ; Yes                        ; Yes                        ; 2.62 V                      ; 4.66e-08 V                  ; 2.73 V             ; -0.0205 V          ; 0.17 V                              ; 0.027 V                             ; 2.58e-10 s                 ; 2.57e-10 s                 ; Yes                       ; Yes                       ;
; rx_data[2]    ; 2.5 V        ; 0 s                 ; 0 s                 ; 2.62 V                       ; 4.66e-08 V                   ; 2.72 V              ; -0.0215 V           ; 0.161 V                              ; 0.061 V                              ; 4.44e-10 s                  ; 4.06e-10 s                  ; No                         ; Yes                        ; 2.62 V                      ; 4.66e-08 V                  ; 2.72 V             ; -0.0215 V          ; 0.161 V                             ; 0.061 V                             ; 4.44e-10 s                 ; 4.06e-10 s                 ; No                        ; Yes                       ;
; rx_data[3]    ; 2.5 V        ; 0 s                 ; 0 s                 ; 2.62 V                       ; 4.66e-08 V                   ; 2.72 V              ; -0.0215 V           ; 0.161 V                              ; 0.061 V                              ; 4.44e-10 s                  ; 4.06e-10 s                  ; No                         ; Yes                        ; 2.62 V                      ; 4.66e-08 V                  ; 2.72 V             ; -0.0215 V          ; 0.161 V                             ; 0.061 V                             ; 4.44e-10 s                 ; 4.06e-10 s                 ; No                        ; Yes                       ;
; rx_data[4]    ; 2.5 V        ; 0 s                 ; 0 s                 ; 2.62 V                       ; 4.66e-08 V                   ; 2.73 V              ; -0.0205 V           ; 0.17 V                               ; 0.027 V                              ; 2.58e-10 s                  ; 2.57e-10 s                  ; Yes                        ; Yes                        ; 2.62 V                      ; 4.66e-08 V                  ; 2.73 V             ; -0.0205 V          ; 0.17 V                              ; 0.027 V                             ; 2.58e-10 s                 ; 2.57e-10 s                 ; Yes                       ; Yes                       ;
; rx_data[5]    ; 2.5 V        ; 0 s                 ; 0 s                 ; 2.62 V                       ; 4.66e-08 V                   ; 2.73 V              ; -0.0205 V           ; 0.17 V                               ; 0.027 V                              ; 2.58e-10 s                  ; 2.57e-10 s                  ; Yes                        ; Yes                        ; 2.62 V                      ; 4.66e-08 V                  ; 2.73 V             ; -0.0205 V          ; 0.17 V                              ; 0.027 V                             ; 2.58e-10 s                 ; 2.57e-10 s                 ; Yes                       ; Yes                       ;
; rx_data[6]    ; 2.5 V        ; 0 s                 ; 0 s                 ; 2.62 V                       ; 4.66e-08 V                   ; 2.72 V              ; -0.0215 V           ; 0.161 V                              ; 0.061 V                              ; 4.44e-10 s                  ; 4.06e-10 s                  ; No                         ; Yes                        ; 2.62 V                      ; 4.66e-08 V                  ; 2.72 V             ; -0.0215 V          ; 0.161 V                             ; 0.061 V                             ; 4.44e-10 s                 ; 4.06e-10 s                 ; No                        ; Yes                       ;
; rx_data[7]    ; 2.5 V        ; 0 s                 ; 0 s                 ; 2.62 V                       ; 4.66e-08 V                   ; 2.73 V              ; -0.0205 V           ; 0.17 V                               ; 0.027 V                              ; 2.58e-10 s                  ; 2.57e-10 s                  ; Yes                        ; Yes                        ; 2.62 V                      ; 4.66e-08 V                  ; 2.73 V             ; -0.0205 V          ; 0.17 V                              ; 0.027 V                             ; 2.58e-10 s                 ; 2.57e-10 s                 ; Yes                       ; Yes                       ;
; rx_valid      ; 2.5 V        ; 0 s                 ; 0 s                 ; 2.62 V                       ; 4.66e-08 V                   ; 2.65 V              ; -0.0115 V           ; 0.219 V                              ; 0.115 V                              ; 1.64e-09 s                  ; 1.57e-09 s                  ; No                         ; Yes                        ; 2.62 V                      ; 4.66e-08 V                  ; 2.65 V             ; -0.0115 V          ; 0.219 V                             ; 0.115 V                             ; 1.64e-09 s                 ; 1.57e-09 s                 ; No                        ; Yes                       ;
; ~ALTERA_NCEO~ ; 2.5 V        ; 0 s                 ; 0 s                 ; 2.62 V                       ; 3.06e-08 V                   ; 2.86 V              ; -0.0341 V           ; 0.364 V                              ; 0.046 V                              ; 1.17e-10 s                  ; 2.6e-10 s                   ; No                         ; Yes                        ; 2.62 V                      ; 3.06e-08 V                  ; 2.86 V             ; -0.0341 V          ; 0.364 V                             ; 0.046 V                             ; 1.17e-10 s                 ; 2.6e-10 s                  ; No                        ; Yes                       ;
; ~ALTERA_DCLK~ ; 2.5 V        ; 0 s                 ; 0 s                 ; 2.62 V                       ; 3.81e-08 V                   ; 2.72 V              ; -0.0542 V           ; 0.144 V                              ; 0.087 V                              ; 2.55e-10 s                  ; 2.14e-10 s                  ; Yes                        ; Yes                        ; 2.62 V                      ; 3.81e-08 V                  ; 2.72 V             ; -0.0542 V          ; 0.144 V                             ; 0.087 V                             ; 2.55e-10 s                 ; 2.14e-10 s                 ; Yes                       ; Yes                       ;
+---------------+--------------+---------------------+---------------------+------------------------------+------------------------------+---------------------+---------------------+--------------------------------------+--------------------------------------+-----------------------------+-----------------------------+----------------------------+----------------------------+-----------------------------+-----------------------------+--------------------+--------------------+-------------------------------------+-------------------------------------+----------------------------+----------------------------+---------------------------+---------------------------+


+-------------------------------------------------------------------+
; Setup Transfers                                                   ;
+------------+----------+----------+----------+----------+----------+
; From Clock ; To Clock ; RR Paths ; FR Paths ; RF Paths ; FF Paths ;
+------------+----------+----------+----------+----------+----------+
; clk        ; clk      ; 698      ; 0        ; 0        ; 0        ;
+------------+----------+----------+----------+----------+----------+
Entries labeled "false path" only account for clock-to-clock false paths and not path-based false paths. As a result, actual path counts may be lower than reported.


+-------------------------------------------------------------------+
; Hold Transfers                                                    ;
+------------+----------+----------+----------+----------+----------+
; From Clock ; To Clock ; RR Paths ; FR Paths ; RF Paths ; FF Paths ;
+------------+----------+----------+----------+----------+----------+
; clk        ; clk      ; 698      ; 0        ; 0        ; 0        ;
+------------+----------+----------+----------+----------+----------+
Entries labeled "false path" only account for clock-to-clock false paths and not path-based false paths. As a result, actual path counts may be lower than reported.


---------------
; Report TCCS ;
---------------
No dedicated SERDES Transmitter circuitry present in device or used in design


---------------
; Report RSKM ;
---------------
No dedicated SERDES Receiver circuitry present in device or used in design


+------------------------------------------------+
; Unconstrained Paths                            ;
+---------------------------------+-------+------+
; Property                        ; Setup ; Hold ;
+---------------------------------+-------+------+
; Illegal Clocks                  ; 0     ; 0    ;
; Unconstrained Clocks            ; 0     ; 0    ;
; Unconstrained Input Ports       ; 11    ; 11   ;
; Unconstrained Input Port Paths  ; 113   ; 113  ;
; Unconstrained Output Ports      ; 11    ; 11   ;
; Unconstrained Output Port Paths ; 11    ; 11   ;
+---------------------------------+-------+------+


+------------------------------------+
; TimeQuest Timing Analyzer Messages ;
+------------------------------------+
Info: *******************************************************************
Info: Running Quartus II 64-Bit TimeQuest Timing Analyzer
    Info: Version 13.0.1 Build 232 06/12/2013 Service Pack 1 SJ Full Version
    Info: Processing started: Sun Jun 22 21:53:23 2025
Info: Command: quartus_sta baud_gen -c baud_gen
Info: qsta_default_script.tcl version: #1
Info (20030): Parallel compilation is enabled and will use 16 of the 16 processors detected
Info (21076): High junction temperature operating condition is not set. Assuming a default value of '85'.
Info (21076): Low junction temperature operating condition is not set. Assuming a default value of '0'.
Critical Warning (332012): Synopsys Design Constraints File file not found: 'baud_gen.sdc'. A Synopsys Design Constraints File is required by the TimeQuest Timing Analyzer to get proper timing constraints. Without it, the Compiler will not properly optimize the design.
Info (332142): No user constrained base clocks found in the design. Calling "derive_clocks -period 1.0"
Info (332105): Deriving Clocks
    Info (332105): create_clock -period 1.000 -name clk clk
Info (332143): No user constrained clock uncertainty found in the design. Calling "derive_clock_uncertainty"
Info (332123): Deriving Clock Uncertainty. Please refer to report_sdc in TimeQuest to see clock uncertainties.
Info: Found TIMEQUEST_REPORT_SCRIPT_INCLUDE_DEFAULT_ANALYSIS = ON
Info: Analyzing Slow 1200mV 85C Model
Critical Warning (332148): Timing requirements not met
    Info (11105): For recommendations on closing timing, run Report Timing Closure Recommendations in the TimeQuest Timing Analyzer.
Info (332146): Worst-case setup slack is -1.661
    Info (332119):     Slack End Point TNS Clock 
    Info (332119): ========= ============= =====================
    Info (332119):    -1.661       -77.333 clk 
Info (332146): Worst-case hold slack is 0.341
    Info (332119):     Slack End Point TNS Clock 
    Info (332119): ========= ============= =====================
    Info (332119):     0.341         0.000 clk 
Info (332140): No Recovery paths to report
Info (332140): No Removal paths to report
Info (332146): Worst-case minimum pulse width slack is -3.000
    Info (332119):     Slack End Point TNS Clock 
    Info (332119): ========= ============= =====================
    Info (332119):    -3.000       -84.000 clk 
Info: Analyzing Slow 1200mV 0C Model
Info (334003): Started post-fitting delay annotation
Info (334004): Delay annotation completed successfully
Info (332123): Deriving Clock Uncertainty. Please refer to report_sdc in TimeQuest to see clock uncertainties.
Critical Warning (332148): Timing requirements not met
    Info (11105): For recommendations on closing timing, run Report Timing Closure Recommendations in the TimeQuest Timing Analyzer.
Info (332146): Worst-case setup slack is -1.404
    Info (332119):     Slack End Point TNS Clock 
    Info (332119): ========= ============= =====================
    Info (332119):    -1.404       -61.990 clk 
Info (332146): Worst-case hold slack is 0.297
    Info (332119):     Slack End Point TNS Clock 
    Info (332119): ========= ============= =====================
    Info (332119):     0.297         0.000 clk 
Info (332140): No Recovery paths to report
Info (332140): No Removal paths to report
Info (332146): Worst-case minimum pulse width slack is -3.000
    Info (332119):     Slack End Point TNS Clock 
    Info (332119): ========= ============= =====================
    Info (332119):    -3.000       -84.000 clk 
Info: Analyzing Fast 1200mV 0C Model
Info (332123): Deriving Clock Uncertainty. Please refer to report_sdc in TimeQuest to see clock uncertainties.
Critical Warning (332148): Timing requirements not met
    Info (11105): For recommendations on closing timing, run Report Timing Closure Recommendations in the TimeQuest Timing Analyzer.
Info (332146): Worst-case setup slack is -0.481
    Info (332119):     Slack End Point TNS Clock 
    Info (332119): ========= ============= =====================
    Info (332119):    -0.481       -13.119 clk 
Info (332146): Worst-case hold slack is 0.178
    Info (332119):     Slack End Point TNS Clock 
    Info (332119): ========= ============= =====================
    Info (332119):     0.178         0.000 clk 
Info (332140): No Recovery paths to report
Info (332140): No Removal paths to report
Info (332146): Worst-case minimum pulse width slack is -3.000
    Info (332119):     Slack End Point TNS Clock 
    Info (332119): ========= ============= =====================
    Info (332119):    -3.000       -86.398 clk 
Info (332102): Design is not fully constrained for setup requirements
Info (332102): Design is not fully constrained for hold requirements
Info: Quartus II 64-Bit TimeQuest Timing Analyzer was successful. 0 errors, 4 warnings
    Info: Peak virtual memory: 4719 megabytes
    Info: Processing ended: Sun Jun 22 21:53:26 2025
    Info: Elapsed time: 00:00:03
    Info: Total CPU time (on all processors): 00:00:02


